,Cluster
ENSG00000000419,5
ENSG00000000460,2
ENSG00000000938,0
ENSG00000001036,2
ENSG00000001461,2
ENSG00000001497,5
ENSG00000001629,2
ENSG00000001631,8
ENSG00000002330,2
ENSG00000002549,0
ENSG00000002586,3
ENSG00000002822,8
ENSG00000002834,2
ENSG00000003056,0
ENSG00000003402,10
ENSG00000003436,1
ENSG00000003756,8
ENSG00000004059,1
ENSG00000004142,8
ENSG00000004455,8
ENSG00000004487,8
ENSG00000004534,0
ENSG00000004700,0
ENSG00000004766,5
ENSG00000004779,8
ENSG00000004866,1
ENSG00000004897,7
ENSG00000005007,10
ENSG00000005020,3
ENSG00000005022,0
ENSG00000005059,0
ENSG00000005075,2
ENSG00000005175,7
ENSG00000005194,2
ENSG00000005238,10
ENSG00000005249,6
ENSG00000005302,8
ENSG00000005339,8
ENSG00000005483,9
ENSG00000005486,2
ENSG00000005700,8
ENSG00000005810,7
ENSG00000005812,2
ENSG00000005844,8
ENSG00000005882,10
ENSG00000005893,7
ENSG00000005955,0
ENSG00000005961,6
ENSG00000006007,7
ENSG00000006015,8
ENSG00000006114,8
ENSG00000006125,7
ENSG00000006459,7
ENSG00000006576,10
ENSG00000006638,10
ENSG00000006652,9
ENSG00000006712,8
ENSG00000006715,7
ENSG00000006744,8
ENSG00000007080,5
ENSG00000007168,8
ENSG00000007202,8
ENSG00000007255,8
ENSG00000007264,8
ENSG00000007312,8
ENSG00000007341,2
ENSG00000007392,8
ENSG00000007520,8
ENSG00000008018,0
ENSG00000008083,7
ENSG00000008130,8
ENSG00000008282,8
ENSG00000008294,5
ENSG00000008405,5
ENSG00000008513,10
ENSG00000008517,8
ENSG00000008838,5
ENSG00000008869,5
ENSG00000008952,4
ENSG00000008988,4
ENSG00000009307,9
ENSG00000009335,8
ENSG00000009413,5
ENSG00000009790,0
ENSG00000009844,8
ENSG00000009954,5
ENSG00000010017,10
ENSG00000010244,0
ENSG00000010256,0
ENSG00000010270,7
ENSG00000010278,3
ENSG00000010292,8
ENSG00000010295,5
ENSG00000010322,5
ENSG00000010327,8
ENSG00000010404,10
ENSG00000010610,5
ENSG00000010671,9
ENSG00000010810,9
ENSG00000011007,5
ENSG00000011009,8
ENSG00000011105,10
ENSG00000011132,5
ENSG00000011198,2
ENSG00000011243,8
ENSG00000011258,7
ENSG00000011260,0
ENSG00000011275,10
ENSG00000011295,2
ENSG00000011304,7
ENSG00000011405,2
ENSG00000011422,5
ENSG00000011454,7
ENSG00000011485,2
ENSG00000011523,2
ENSG00000011600,0
ENSG00000011638,2
ENSG00000012061,10
ENSG00000012124,2
ENSG00000012223,5
ENSG00000012660,5
ENSG00000012779,8
ENSG00000012817,5
ENSG00000012822,1
ENSG00000012983,9
ENSG00000013016,1
ENSG00000013275,0
ENSG00000013288,5
ENSG00000013306,0
ENSG00000013364,0
ENSG00000013374,8
ENSG00000013441,0
ENSG00000013561,2
ENSG00000013583,2
ENSG00000013725,8
ENSG00000013810,7
ENSG00000014123,8
ENSG00000014216,3
ENSG00000014641,0
ENSG00000014824,8
ENSG00000015133,10
ENSG00000015171,10
ENSG00000015285,5
ENSG00000015475,7
ENSG00000015479,1
ENSG00000015532,2
ENSG00000016864,5
ENSG00000017260,1
ENSG00000017483,2
ENSG00000017797,10
ENSG00000018189,5
ENSG00000018280,5
ENSG00000018510,5
ENSG00000018699,5
ENSG00000019582,9
ENSG00000020426,2
ENSG00000020633,5
ENSG00000020922,8
ENSG00000021355,9
ENSG00000021574,2
ENSG00000021762,5
ENSG00000021776,8
ENSG00000022267,9
ENSG00000022277,7
ENSG00000022840,9
ENSG00000023041,5
ENSG00000023191,7
ENSG00000023228,8
ENSG00000023287,0
ENSG00000023318,0
ENSG00000023330,5
ENSG00000023445,5
ENSG00000023697,1
ENSG00000023734,1
ENSG00000023892,8
ENSG00000023902,9
ENSG00000023909,7
ENSG00000024048,0
ENSG00000024862,2
ENSG00000025293,0
ENSG00000025708,0
ENSG00000025770,5
ENSG00000025796,0
ENSG00000026025,4
ENSG00000026297,8
ENSG00000026508,0
ENSG00000026950,2
ENSG00000027075,8
ENSG00000027697,0
ENSG00000027869,5
ENSG00000028116,10
ENSG00000028137,8
ENSG00000028203,2
ENSG00000028277,5
ENSG00000028310,5
ENSG00000028528,7
ENSG00000028839,7
ENSG00000029363,0
ENSG00000029534,1
ENSG00000029725,8
ENSG00000030066,5
ENSG00000030110,5
ENSG00000030582,0
ENSG00000031003,7
ENSG00000031698,0
ENSG00000032219,0
ENSG00000032444,5
ENSG00000032742,10
ENSG00000033050,5
ENSG00000033170,10
ENSG00000033178,5
ENSG00000033627,10
ENSG00000033800,7
ENSG00000034053,5
ENSG00000034152,9
ENSG00000034510,4
ENSG00000034713,9
ENSG00000035403,6
ENSG00000035681,8
ENSG00000035687,8
ENSG00000035928,10
ENSG00000036054,7
ENSG00000036257,0
ENSG00000037042,2
ENSG00000037474,8
ENSG00000037637,5
ENSG00000038002,5
ENSG00000038219,0
ENSG00000038274,7
ENSG00000038358,5
ENSG00000038427,8
ENSG00000038532,5
ENSG00000039123,8
ENSG00000039650,2
ENSG00000040341,7
ENSG00000040531,10
ENSG00000040933,5
ENSG00000041353,1
ENSG00000041357,0
ENSG00000041802,5
ENSG00000042062,2
ENSG00000042088,5
ENSG00000042429,5
ENSG00000042493,8
ENSG00000042753,7
ENSG00000042980,5
ENSG00000043093,10
ENSG00000043462,7
ENSG00000044115,7
ENSG00000044446,5
ENSG00000044459,7
ENSG00000044574,0
ENSG00000046651,4
ENSG00000047188,8
ENSG00000047249,8
ENSG00000047315,0
ENSG00000047365,8
ENSG00000047410,4
ENSG00000047579,5
ENSG00000047597,2
ENSG00000047617,2
ENSG00000047644,10
ENSG00000047648,1
ENSG00000047849,5
ENSG00000048028,5
ENSG00000048052,2
ENSG00000048471,5
ENSG00000048544,2
ENSG00000048649,1
ENSG00000048707,8
ENSG00000048740,9
ENSG00000048828,2
ENSG00000048991,2
ENSG00000049245,2
ENSG00000049323,3
ENSG00000049541,2
ENSG00000049618,2
ENSG00000049656,0
ENSG00000049860,8
ENSG00000050130,10
ENSG00000050393,3
ENSG00000050748,2
ENSG00000051108,8
ENSG00000051382,1
ENSG00000051523,4
ENSG00000051620,8
ENSG00000051825,2
ENSG00000052126,2
ENSG00000052749,5
ENSG00000052841,8
ENSG00000053108,10
ENSG00000053254,8
ENSG00000053371,7
ENSG00000053770,2
ENSG00000053900,8
ENSG00000054116,8
ENSG00000054118,8
ENSG00000054267,4
ENSG00000054282,7
ENSG00000054356,10
ENSG00000054523,2
ENSG00000054611,10
ENSG00000054654,0
ENSG00000054983,5
ENSG00000055044,0
ENSG00000055070,2
ENSG00000055130,0
ENSG00000055163,4
ENSG00000055208,10
ENSG00000055211,2
ENSG00000055332,8
ENSG00000055483,5
ENSG00000055609,1
ENSG00000055917,8
ENSG00000056050,5
ENSG00000056097,7
ENSG00000056586,7
ENSG00000057252,5
ENSG00000057608,7
ENSG00000057663,5
ENSG00000057757,2
ENSG00000058063,10
ENSG00000058091,10
ENSG00000058262,8
ENSG00000058272,9
ENSG00000058600,5
ENSG00000058673,7
ENSG00000058799,5
ENSG00000058866,10
ENSG00000059377,1
ENSG00000059378,5
ENSG00000059588,5
ENSG00000059728,8
ENSG00000059758,10
ENSG00000059804,1
ENSG00000060138,9
ENSG00000060237,2
ENSG00000060339,7
ENSG00000060491,5
ENSG00000060558,10
ENSG00000060688,8
ENSG00000060762,2
ENSG00000060971,8
ENSG00000061676,1
ENSG00000061794,5
ENSG00000061918,9
ENSG00000061936,8
ENSG00000061987,5
ENSG00000062194,7
ENSG00000062485,8
ENSG00000062598,10
ENSG00000062650,0
ENSG00000062716,8
ENSG00000062725,5
ENSG00000062822,5
ENSG00000063046,0
ENSG00000063177,4
ENSG00000063245,2
ENSG00000063854,8
ENSG00000063978,5
ENSG00000064012,8
ENSG00000064102,5
ENSG00000064115,7
ENSG00000064201,10
ENSG00000064225,10
ENSG00000064313,8
ENSG00000064393,10
ENSG00000064419,8
ENSG00000064490,5
ENSG00000064601,6
ENSG00000064652,2
ENSG00000064666,7
ENSG00000064687,8
ENSG00000064726,10
ENSG00000064933,2
ENSG00000064961,1
ENSG00000064999,2
ENSG00000065000,0
ENSG00000065029,5
ENSG00000065060,2
ENSG00000065135,0
ENSG00000065150,8
ENSG00000065154,5
ENSG00000065183,5
ENSG00000065243,2
ENSG00000065268,5
ENSG00000065357,0
ENSG00000065413,8
ENSG00000065427,0
ENSG00000065457,2
ENSG00000065518,7
ENSG00000065526,8
ENSG00000065534,3
ENSG00000065548,8
ENSG00000065559,2
ENSG00000065600,2
ENSG00000065613,0
ENSG00000065615,7
ENSG00000065675,7
ENSG00000065809,10
ENSG00000065833,10
ENSG00000065882,10
ENSG00000065883,5
ENSG00000065911,10
ENSG00000065970,2
ENSG00000065978,7
ENSG00000066027,7
ENSG00000066044,10
ENSG00000066136,8
ENSG00000066185,10
ENSG00000066294,10
ENSG00000066322,5
ENSG00000066336,8
ENSG00000066455,5
ENSG00000066654,2
ENSG00000066697,10
ENSG00000066777,10
ENSG00000066926,5
ENSG00000066933,5
ENSG00000067048,5
ENSG00000067057,7
ENSG00000067064,5
ENSG00000067066,4
ENSG00000067082,0
ENSG00000067167,3
ENSG00000067182,5
ENSG00000067208,2
ENSG00000067225,6
ENSG00000067248,8
ENSG00000067334,8
ENSG00000067365,10
ENSG00000067560,3
ENSG00000067596,5
ENSG00000067704,8
ENSG00000067829,7
ENSG00000067836,10
ENSG00000067900,9
ENSG00000067955,8
ENSG00000067992,7
ENSG00000068028,8
ENSG00000068079,5
ENSG00000068120,10
ENSG00000068305,10
ENSG00000068308,7
ENSG00000068323,2
ENSG00000068354,2
ENSG00000068366,10
ENSG00000068383,7
ENSG00000068400,7
ENSG00000068438,5
ENSG00000068650,2
ENSG00000068697,0
ENSG00000068724,5
ENSG00000068784,5
ENSG00000068793,10
ENSG00000068796,6
ENSG00000068831,9
ENSG00000068878,10
ENSG00000068903,7
ENSG00000068912,8
ENSG00000069020,10
ENSG00000069248,5
ENSG00000069275,10
ENSG00000069329,7
ENSG00000069345,10
ENSG00000069399,5
ENSG00000069493,8
ENSG00000069535,2
ENSG00000069667,5
ENSG00000069849,8
ENSG00000069943,5
ENSG00000069956,2
ENSG00000069966,9
ENSG00000069974,5
ENSG00000069998,5
ENSG00000070010,1
ENSG00000070061,5
ENSG00000070081,1
ENSG00000070182,7
ENSG00000070190,3
ENSG00000070214,1
ENSG00000070367,10
ENSG00000070413,10
ENSG00000070423,8
ENSG00000070501,5
ENSG00000070540,1
ENSG00000070610,8
ENSG00000070614,10
ENSG00000070669,5
ENSG00000070756,3
ENSG00000070785,5
ENSG00000070814,5
ENSG00000070831,7
ENSG00000070882,5
ENSG00000070961,8
ENSG00000071051,1
ENSG00000071054,7
ENSG00000071073,5
ENSG00000071082,4
ENSG00000071127,3
ENSG00000071189,8
ENSG00000071205,7
ENSG00000071243,8
ENSG00000071462,8
ENSG00000071537,2
ENSG00000071553,7
ENSG00000071564,5
ENSG00000071794,2
ENSG00000071859,7
ENSG00000071889,2
ENSG00000071894,8
ENSG00000071909,2
ENSG00000071994,8
ENSG00000072042,1
ENSG00000072110,6
ENSG00000072135,1
ENSG00000072274,5
ENSG00000072401,8
ENSG00000072422,1
ENSG00000072501,0
ENSG00000072506,5
ENSG00000072518,8
ENSG00000072609,8
ENSG00000072736,5
ENSG00000072778,1
ENSG00000072786,0
ENSG00000072803,10
ENSG00000072818,0
ENSG00000072849,8
ENSG00000072858,10
ENSG00000072864,5
ENSG00000072952,2
ENSG00000072958,0
ENSG00000073009,10
ENSG00000073050,10
ENSG00000073111,2
ENSG00000073350,5
ENSG00000073464,2
ENSG00000073578,1
ENSG00000073584,2
ENSG00000073614,0
ENSG00000073792,10
ENSG00000073849,10
ENSG00000073921,8
ENSG00000073969,5
ENSG00000074054,10
ENSG00000074201,8
ENSG00000074266,5
ENSG00000074319,0
ENSG00000074356,5
ENSG00000074370,9
ENSG00000074416,3
ENSG00000074603,10
ENSG00000074695,10
ENSG00000074696,5
ENSG00000074706,2
ENSG00000074755,2
ENSG00000074800,3
ENSG00000074842,5
ENSG00000074966,8
ENSG00000075089,5
ENSG00000075142,0
ENSG00000075151,9
ENSG00000075234,5
ENSG00000075239,5
ENSG00000075292,0
ENSG00000075303,5
ENSG00000075413,7
ENSG00000075415,7
ENSG00000075420,5
ENSG00000075539,8
ENSG00000075568,5
ENSG00000075624,6
ENSG00000075711,10
ENSG00000075785,1
ENSG00000075790,10
ENSG00000075856,8
ENSG00000075884,0
ENSG00000075945,1
ENSG00000076003,7
ENSG00000076043,10
ENSG00000076108,8
ENSG00000076242,5
ENSG00000076513,8
ENSG00000076662,0
ENSG00000076685,10
ENSG00000076770,7
ENSG00000076928,4
ENSG00000076944,9
ENSG00000077044,7
ENSG00000077097,7
ENSG00000077147,0
ENSG00000077150,8
ENSG00000077232,8
ENSG00000077235,5
ENSG00000077238,5
ENSG00000077254,1
ENSG00000077312,5
ENSG00000077380,10
ENSG00000077420,0
ENSG00000077454,0
ENSG00000077458,5
ENSG00000077549,3
ENSG00000077585,10
ENSG00000077713,2
ENSG00000077721,8
ENSG00000077809,10
ENSG00000077984,0
ENSG00000078061,7
ENSG00000078070,5
ENSG00000078124,10
ENSG00000078140,1
ENSG00000078142,10
ENSG00000078269,2
ENSG00000078304,0
ENSG00000078369,9
ENSG00000078596,7
ENSG00000078618,3
ENSG00000078668,3
ENSG00000078674,0
ENSG00000078687,10
ENSG00000078747,8
ENSG00000078808,8
ENSG00000078902,7
ENSG00000079134,5
ENSG00000079156,2
ENSG00000079246,4
ENSG00000079257,2
ENSG00000079263,8
ENSG00000079277,2
ENSG00000079308,7
ENSG00000079332,2
ENSG00000079387,2
ENSG00000079459,0
ENSG00000079482,2
ENSG00000079616,8
ENSG00000079739,10
ENSG00000079785,8
ENSG00000079805,7
ENSG00000079950,1
ENSG00000079999,2
ENSG00000080189,8
ENSG00000080345,8
ENSG00000080371,10
ENSG00000080503,1
ENSG00000080608,8
ENSG00000080815,5
ENSG00000080822,2
ENSG00000080824,4
ENSG00000081059,8
ENSG00000081087,10
ENSG00000081154,9
ENSG00000081181,10
ENSG00000081189,1
ENSG00000081237,4
ENSG00000081307,5
ENSG00000081320,8
ENSG00000081377,9
ENSG00000081791,5
ENSG00000081870,10
ENSG00000082014,5
ENSG00000082068,5
ENSG00000082074,3
ENSG00000082146,7
ENSG00000082153,7
ENSG00000082212,0
ENSG00000082397,7
ENSG00000082515,5
ENSG00000082701,10
ENSG00000082781,3
ENSG00000082805,5
ENSG00000082898,0
ENSG00000082996,0
ENSG00000083168,2
ENSG00000083223,0
ENSG00000083290,5
ENSG00000083312,1
ENSG00000083444,2
ENSG00000083457,8
ENSG00000083520,5
ENSG00000083535,5
ENSG00000083642,7
ENSG00000083720,5
ENSG00000083799,0
ENSG00000083845,4
ENSG00000083896,5
ENSG00000083937,8
ENSG00000084070,0
ENSG00000084072,7
ENSG00000084073,10
ENSG00000084090,8
ENSG00000084092,5
ENSG00000084093,10
ENSG00000084112,10
ENSG00000084207,4
ENSG00000084234,0
ENSG00000084463,0
ENSG00000084623,0
ENSG00000084676,1
ENSG00000084693,7
ENSG00000084731,10
ENSG00000084733,1
ENSG00000084754,4
ENSG00000084774,5
ENSG00000085117,1
ENSG00000085224,1
ENSG00000085231,2
ENSG00000085265,0
ENSG00000085365,2
ENSG00000085377,5
ENSG00000085449,10
ENSG00000085491,5
ENSG00000085511,5
ENSG00000085514,8
ENSG00000085662,0
ENSG00000085719,8
ENSG00000085733,9
ENSG00000085760,5
ENSG00000085788,2
ENSG00000085832,7
ENSG00000085998,5
ENSG00000086061,0
ENSG00000086062,2
ENSG00000086065,7
ENSG00000086102,8
ENSG00000086189,5
ENSG00000086200,2
ENSG00000086232,3
ENSG00000086300,8
ENSG00000086475,5
ENSG00000086504,10
ENSG00000086506,10
ENSG00000086589,5
ENSG00000086598,8
ENSG00000086666,1
ENSG00000086730,8
ENSG00000086758,8
ENSG00000087053,7
ENSG00000087074,10
ENSG00000087086,6
ENSG00000087087,8
ENSG00000087088,8
ENSG00000087095,10
ENSG00000087111,2
ENSG00000087152,2
ENSG00000087157,2
ENSG00000087191,1
ENSG00000087206,1
ENSG00000087237,7
ENSG00000087258,10
ENSG00000087263,2
ENSG00000087266,5
ENSG00000087274,1
ENSG00000087301,2
ENSG00000087302,7
ENSG00000087303,2
ENSG00000087338,8
ENSG00000087365,0
ENSG00000087460,6
ENSG00000087470,1
ENSG00000087502,8
ENSG00000087903,2
ENSG00000088053,1
ENSG00000088179,8
ENSG00000088205,8
ENSG00000088298,5
ENSG00000088448,10
ENSG00000088726,3
ENSG00000088766,7
ENSG00000088826,3
ENSG00000088832,7
ENSG00000088833,7
ENSG00000088888,10
ENSG00000088930,0
ENSG00000088986,9
ENSG00000088992,10
ENSG00000089006,7
ENSG00000089009,4
ENSG00000089022,5
ENSG00000089053,3
ENSG00000089060,5
ENSG00000089063,2
ENSG00000089127,5
ENSG00000089154,5
ENSG00000089157,9
ENSG00000089159,5
ENSG00000089220,8
ENSG00000089234,2
ENSG00000089248,8
ENSG00000089280,0
ENSG00000089289,10
ENSG00000089327,3
ENSG00000089351,10
ENSG00000089486,2
ENSG00000089597,8
ENSG00000089639,10
ENSG00000089693,8
ENSG00000089737,8
ENSG00000089820,0
ENSG00000090006,2
ENSG00000090013,8
ENSG00000090020,2
ENSG00000090054,5
ENSG00000090060,7
ENSG00000090238,1
ENSG00000090266,0
ENSG00000090273,0
ENSG00000090316,5
ENSG00000090372,1
ENSG00000090376,10
ENSG00000090382,0
ENSG00000090487,0
ENSG00000090520,8
ENSG00000090565,2
ENSG00000090581,8
ENSG00000090621,8
ENSG00000090686,7
ENSG00000090861,8
ENSG00000090863,0
ENSG00000090905,10
ENSG00000090975,7
ENSG00000090989,5
ENSG00000091009,8
ENSG00000091039,1
ENSG00000091140,8
ENSG00000091157,5
ENSG00000091164,7
ENSG00000091317,1
ENSG00000091409,10
ENSG00000091483,5
ENSG00000091490,0
ENSG00000091527,8
ENSG00000091542,2
ENSG00000091592,8
ENSG00000091640,8
ENSG00000092010,4
ENSG00000092020,7
ENSG00000092094,8
ENSG00000092108,7
ENSG00000092140,5
ENSG00000092148,8
ENSG00000092199,1
ENSG00000092201,0
ENSG00000092203,2
ENSG00000092330,8
ENSG00000092439,8
ENSG00000092531,3
ENSG00000092621,2
ENSG00000092820,0
ENSG00000092841,6
ENSG00000092847,2
ENSG00000092929,9
ENSG00000092931,2
ENSG00000092964,5
ENSG00000093000,2
ENSG00000093010,2
ENSG00000093072,5
ENSG00000093167,7
ENSG00000094631,10
ENSG00000094880,5
ENSG00000094914,5
ENSG00000094975,10
ENSG00000095002,5
ENSG00000095015,8
ENSG00000095059,0
ENSG00000095139,8
ENSG00000095303,3
ENSG00000095319,5
ENSG00000095321,9
ENSG00000095370,5
ENSG00000095485,5
ENSG00000095564,8
ENSG00000095585,5
ENSG00000095787,7
ENSG00000095794,10
ENSG00000095906,5
ENSG00000096060,8
ENSG00000096063,5
ENSG00000096093,2
ENSG00000096384,4
ENSG00000096401,0
ENSG00000096433,5
ENSG00000096746,7
ENSG00000096872,10
ENSG00000096968,7
ENSG00000096996,5
ENSG00000097021,7
ENSG00000097033,7
ENSG00000099204,1
ENSG00000099246,8
ENSG00000099256,10
ENSG00000099331,8
ENSG00000099337,2
ENSG00000099341,0
ENSG00000099385,5
ENSG00000099622,1
ENSG00000099624,0
ENSG00000099783,4
ENSG00000099785,3
ENSG00000099795,8
ENSG00000099797,0
ENSG00000099804,10
ENSG00000099817,9
ENSG00000099821,5
ENSG00000099860,5
ENSG00000099875,5
ENSG00000099899,5
ENSG00000099901,8
ENSG00000099917,8
ENSG00000099940,7
ENSG00000099942,2
ENSG00000099949,5
ENSG00000099956,5
ENSG00000099995,7
ENSG00000100023,5
ENSG00000100028,8
ENSG00000100029,5
ENSG00000100030,7
ENSG00000100055,5
ENSG00000100060,7
ENSG00000100075,10
ENSG00000100077,1
ENSG00000100079,5
ENSG00000100083,5
ENSG00000100097,0
ENSG00000100099,5
ENSG00000100100,5
ENSG00000100101,5
ENSG00000100109,5
ENSG00000100129,4
ENSG00000100142,5
ENSG00000100201,8
ENSG00000100216,5
ENSG00000100219,8
ENSG00000100220,8
ENSG00000100225,9
ENSG00000100226,5
ENSG00000100227,5
ENSG00000100239,8
ENSG00000100241,8
ENSG00000100242,8
ENSG00000100243,3
ENSG00000100258,5
ENSG00000100266,1
ENSG00000100280,10
ENSG00000100284,5
ENSG00000100296,8
ENSG00000100297,8
ENSG00000100299,2
ENSG00000100300,8
ENSG00000100307,2
ENSG00000100316,3
ENSG00000100325,8
ENSG00000100330,5
ENSG00000100345,6
ENSG00000100347,8
ENSG00000100348,5
ENSG00000100351,3
ENSG00000100353,0
ENSG00000100354,8
ENSG00000100359,7
ENSG00000100362,1
ENSG00000100364,5
ENSG00000100365,8
ENSG00000100372,2
ENSG00000100380,4
ENSG00000100385,5
ENSG00000100387,9
ENSG00000100393,0
ENSG00000100395,5
ENSG00000100401,5
ENSG00000100412,8
ENSG00000100418,2
ENSG00000100422,5
ENSG00000100427,2
ENSG00000100439,10
ENSG00000100442,10
ENSG00000100450,8
ENSG00000100453,0
ENSG00000100461,10
ENSG00000100478,2
ENSG00000100485,8
ENSG00000100490,10
ENSG00000100503,1
ENSG00000100504,9
ENSG00000100519,8
ENSG00000100528,5
ENSG00000100532,7
ENSG00000100554,7
ENSG00000100567,0
ENSG00000100568,7
ENSG00000100578,5
ENSG00000100591,8
ENSG00000100592,1
ENSG00000100596,5
ENSG00000100599,5
ENSG00000100600,10
ENSG00000100603,7
ENSG00000100605,5
ENSG00000100612,0
ENSG00000100614,7
ENSG00000100629,2
ENSG00000100644,7
ENSG00000100650,4
ENSG00000100664,9
ENSG00000100678,2
ENSG00000100697,10
ENSG00000100711,1
ENSG00000100714,5
ENSG00000100722,8
ENSG00000100726,5
ENSG00000100731,5
ENSG00000100749,8
ENSG00000100764,8
ENSG00000100796,0
ENSG00000100811,10
ENSG00000100813,5
ENSG00000100815,7
ENSG00000100823,8
ENSG00000100883,8
ENSG00000100889,2
ENSG00000100897,2
ENSG00000100906,0
ENSG00000100911,4
ENSG00000100934,10
ENSG00000100938,10
ENSG00000100941,0
ENSG00000100949,5
ENSG00000100979,2
ENSG00000100982,7
ENSG00000100983,10
ENSG00000100991,8
ENSG00000100994,9
ENSG00000100997,2
ENSG00000101017,2
ENSG00000101040,10
ENSG00000101052,5
ENSG00000101057,5
ENSG00000101079,10
ENSG00000101082,7
ENSG00000101109,1
ENSG00000101146,5
ENSG00000101150,2
ENSG00000101158,7
ENSG00000101161,0
ENSG00000101162,3
ENSG00000101166,5
ENSG00000101182,4
ENSG00000101191,5
ENSG00000101193,2
ENSG00000101220,8
ENSG00000101224,5
ENSG00000101236,7
ENSG00000101246,2
ENSG00000101265,5
ENSG00000101266,5
ENSG00000101290,7
ENSG00000101294,8
ENSG00000101310,8
ENSG00000101333,2
ENSG00000101335,7
ENSG00000101336,0
ENSG00000101337,8
ENSG00000101343,5
ENSG00000101347,0
ENSG00000101361,8
ENSG00000101365,0
ENSG00000101367,7
ENSG00000101391,5
ENSG00000101412,10
ENSG00000101439,9
ENSG00000101457,8
ENSG00000101460,2
ENSG00000101470,7
ENSG00000101473,2
ENSG00000101474,8
ENSG00000101557,10
ENSG00000101558,9
ENSG00000101577,2
ENSG00000101596,0
ENSG00000101605,10
ENSG00000101608,3
ENSG00000101639,5
ENSG00000101745,7
ENSG00000101773,2
ENSG00000101782,3
ENSG00000101844,2
ENSG00000101849,5
ENSG00000101856,3
ENSG00000101882,5
ENSG00000101940,7
ENSG00000101972,1
ENSG00000101997,5
ENSG00000102007,0
ENSG00000102024,2
ENSG00000102054,7
ENSG00000102081,10
ENSG00000102096,8
ENSG00000102103,8
ENSG00000102119,10
ENSG00000102125,5
ENSG00000102144,9
ENSG00000102145,7
ENSG00000102158,2
ENSG00000102172,1
ENSG00000102178,7
ENSG00000102189,0
ENSG00000102225,7
ENSG00000102226,0
ENSG00000102230,10
ENSG00000102241,8
ENSG00000102265,3
ENSG00000102316,9
ENSG00000102317,0
ENSG00000102362,1
ENSG00000102393,1
ENSG00000102401,2
ENSG00000102409,2
ENSG00000102524,7
ENSG00000102531,2
ENSG00000102572,9
ENSG00000102580,8
ENSG00000102595,10
ENSG00000102606,5
ENSG00000102699,0
ENSG00000102710,8
ENSG00000102753,10
ENSG00000102760,7
ENSG00000102763,2
ENSG00000102781,2
ENSG00000102786,10
ENSG00000102804,3
ENSG00000102879,4
ENSG00000102893,9
ENSG00000102897,2
ENSG00000102898,9
ENSG00000102900,8
ENSG00000102901,7
ENSG00000102908,10
ENSG00000102910,5
ENSG00000102931,5
ENSG00000102974,10
ENSG00000102977,10
ENSG00000102978,5
ENSG00000103005,2
ENSG00000103035,8
ENSG00000103043,5
ENSG00000103051,8
ENSG00000103091,5
ENSG00000103121,7
ENSG00000103145,2
ENSG00000103148,7
ENSG00000103160,2
ENSG00000103175,5
ENSG00000103184,2
ENSG00000103187,9
ENSG00000103194,7
ENSG00000103197,8
ENSG00000103202,7
ENSG00000103222,2
ENSG00000103249,8
ENSG00000103266,10
ENSG00000103275,2
ENSG00000103316,2
ENSG00000103335,5
ENSG00000103342,0
ENSG00000103363,4
ENSG00000103365,8
ENSG00000103381,5
ENSG00000103404,10
ENSG00000103415,8
ENSG00000103423,5
ENSG00000103479,7
ENSG00000103490,5
ENSG00000103495,2
ENSG00000103496,8
ENSG00000103502,10
ENSG00000103507,10
ENSG00000103510,8
ENSG00000103512,1
ENSG00000103540,2
ENSG00000103544,10
ENSG00000103549,2
ENSG00000103591,10
ENSG00000103642,5
ENSG00000103653,7
ENSG00000103657,7
ENSG00000103671,8
ENSG00000103740,2
ENSG00000103769,3
ENSG00000103811,8
ENSG00000103876,1
ENSG00000103942,7
ENSG00000103978,8
ENSG00000103994,8
ENSG00000104064,5
ENSG00000104093,5
ENSG00000104129,5
ENSG00000104131,1
ENSG00000104133,8
ENSG00000104164,7
ENSG00000104218,10
ENSG00000104219,10
ENSG00000104231,1
ENSG00000104267,6
ENSG00000104312,8
ENSG00000104320,8
ENSG00000104324,10
ENSG00000104325,0
ENSG00000104341,10
ENSG00000104365,5
ENSG00000104375,2
ENSG00000104388,0
ENSG00000104408,4
ENSG00000104412,10
ENSG00000104517,8
ENSG00000104518,5
ENSG00000104522,8
ENSG00000104529,4
ENSG00000104613,8
ENSG00000104660,8
ENSG00000104679,5
ENSG00000104687,7
ENSG00000104695,2
ENSG00000104714,10
ENSG00000104731,5
ENSG00000104763,3
ENSG00000104765,9
ENSG00000104774,0
ENSG00000104805,7
ENSG00000104812,5
ENSG00000104814,0
ENSG00000104823,0
ENSG00000104824,2
ENSG00000104852,8
ENSG00000104856,5
ENSG00000104859,5
ENSG00000104870,8
ENSG00000104872,10
ENSG00000104886,10
ENSG00000104894,0
ENSG00000104897,10
ENSG00000104903,1
ENSG00000104904,6
ENSG00000104907,8
ENSG00000104915,8
ENSG00000104921,5
ENSG00000104946,2
ENSG00000104960,2
ENSG00000104964,1
ENSG00000104969,2
ENSG00000104972,5
ENSG00000104973,5
ENSG00000104974,5
ENSG00000104998,8
ENSG00000105048,2
ENSG00000105053,10
ENSG00000105058,10
ENSG00000105063,9
ENSG00000105122,0
ENSG00000105127,5
ENSG00000105171,5
ENSG00000105176,5
ENSG00000105185,8
ENSG00000105186,10
ENSG00000105193,4
ENSG00000105197,5
ENSG00000105202,8
ENSG00000105220,1
ENSG00000105223,8
ENSG00000105229,2
ENSG00000105254,7
ENSG00000105287,8
ENSG00000105323,10
ENSG00000105325,5
ENSG00000105329,3
ENSG00000105339,10
ENSG00000105355,10
ENSG00000105369,5
ENSG00000105372,3
ENSG00000105373,4
ENSG00000105374,4
ENSG00000105383,5
ENSG00000105397,8
ENSG00000105401,7
ENSG00000105402,1
ENSG00000105404,9
ENSG00000105426,2
ENSG00000105438,2
ENSG00000105443,10
ENSG00000105483,7
ENSG00000105486,8
ENSG00000105499,10
ENSG00000105507,1
ENSG00000105568,7
ENSG00000105618,5
ENSG00000105639,10
ENSG00000105640,9
ENSG00000105643,5
ENSG00000105669,7
ENSG00000105671,5
ENSG00000105677,5
ENSG00000105698,7
ENSG00000105699,2
ENSG00000105700,2
ENSG00000105701,9
ENSG00000105705,8
ENSG00000105711,7
ENSG00000105717,2
ENSG00000105726,8
ENSG00000105819,0
ENSG00000105821,7
ENSG00000105829,7
ENSG00000105835,8
ENSG00000105851,10
ENSG00000105856,7
ENSG00000105887,3
ENSG00000105926,10
ENSG00000105939,8
ENSG00000105953,2
ENSG00000105968,10
ENSG00000105971,10
ENSG00000105983,2
ENSG00000105993,3
ENSG00000106009,5
ENSG00000106012,2
ENSG00000106028,8
ENSG00000106034,2
ENSG00000106052,9
ENSG00000106066,0
ENSG00000106070,2
ENSG00000106086,2
ENSG00000106089,2
ENSG00000106105,0
ENSG00000106123,5
ENSG00000106144,2
ENSG00000106153,7
ENSG00000106211,7
ENSG00000106244,2
ENSG00000106245,10
ENSG00000106263,0
ENSG00000106266,2
ENSG00000106290,2
ENSG00000106348,8
ENSG00000106366,10
ENSG00000106392,10
ENSG00000106397,5
ENSG00000106400,8
ENSG00000106415,2
ENSG00000106443,10
ENSG00000106462,2
ENSG00000106477,2
ENSG00000106484,7
ENSG00000106524,5
ENSG00000106537,10
ENSG00000106546,5
ENSG00000106554,5
ENSG00000106565,5
ENSG00000106603,2
ENSG00000106605,8
ENSG00000106609,7
ENSG00000106615,1
ENSG00000106617,8
ENSG00000106628,8
ENSG00000106635,10
ENSG00000106665,10
ENSG00000106682,8
ENSG00000106733,7
ENSG00000106771,5
ENSG00000106785,5
ENSG00000106803,8
ENSG00000106829,8
ENSG00000106868,9
ENSG00000106976,10
ENSG00000106991,5
ENSG00000107021,10
ENSG00000107077,5
ENSG00000107099,0
ENSG00000107164,5
ENSG00000107175,2
ENSG00000107201,5
ENSG00000107223,0
ENSG00000107262,7
ENSG00000107263,5
ENSG00000107290,0
ENSG00000107341,10
ENSG00000107372,0
ENSG00000107438,3
ENSG00000107521,7
ENSG00000107551,5
ENSG00000107581,0
ENSG00000107625,8
ENSG00000107651,5
ENSG00000107669,7
ENSG00000107672,8
ENSG00000107679,5
ENSG00000107738,1
ENSG00000107742,5
ENSG00000107745,1
ENSG00000107771,10
ENSG00000107798,1
ENSG00000107816,2
ENSG00000107819,10
ENSG00000107854,8
ENSG00000107862,10
ENSG00000107863,1
ENSG00000107874,8
ENSG00000107890,5
ENSG00000107929,5
ENSG00000107937,8
ENSG00000107949,5
ENSG00000107959,8
ENSG00000107960,8
ENSG00000107968,2
ENSG00000108010,7
ENSG00000108021,2
ENSG00000108039,9
ENSG00000108055,7
ENSG00000108061,7
ENSG00000108094,8
ENSG00000108100,1
ENSG00000108107,4
ENSG00000108179,7
ENSG00000108187,2
ENSG00000108219,2
ENSG00000108262,5
ENSG00000108264,10
ENSG00000108270,8
ENSG00000108294,0
ENSG00000108296,5
ENSG00000108298,9
ENSG00000108312,8
ENSG00000108344,5
ENSG00000108349,8
ENSG00000108370,10
ENSG00000108387,1
ENSG00000108395,5
ENSG00000108405,9
ENSG00000108406,5
ENSG00000108424,0
ENSG00000108443,5
ENSG00000108465,8
ENSG00000108469,2
ENSG00000108509,10
ENSG00000108510,2
ENSG00000108518,3
ENSG00000108523,0
ENSG00000108528,8
ENSG00000108559,8
ENSG00000108561,0
ENSG00000108576,10
ENSG00000108582,5
ENSG00000108587,8
ENSG00000108588,5
ENSG00000108591,5
ENSG00000108592,5
ENSG00000108599,5
ENSG00000108604,10
ENSG00000108622,10
ENSG00000108639,5
ENSG00000108651,8
ENSG00000108654,9
ENSG00000108669,0
ENSG00000108671,0
ENSG00000108679,5
ENSG00000108788,5
ENSG00000108798,0
ENSG00000108799,5
ENSG00000108839,1
ENSG00000108840,1
ENSG00000108846,3
ENSG00000108848,4
ENSG00000108854,5
ENSG00000108861,2
ENSG00000108883,1
ENSG00000108946,9
ENSG00000108953,3
ENSG00000108960,6
ENSG00000109046,8
ENSG00000109062,1
ENSG00000109066,2
ENSG00000109103,5
ENSG00000109111,8
ENSG00000109113,2
ENSG00000109171,1
ENSG00000109180,0
ENSG00000109184,2
ENSG00000109220,10
ENSG00000109272,3
ENSG00000109320,8
ENSG00000109323,8
ENSG00000109332,1
ENSG00000109339,2
ENSG00000109381,2
ENSG00000109390,10
ENSG00000109445,5
ENSG00000109452,10
ENSG00000109466,2
ENSG00000109475,4
ENSG00000109536,8
ENSG00000109572,1
ENSG00000109606,8
ENSG00000109670,8
ENSG00000109685,2
ENSG00000109689,8
ENSG00000109736,8
ENSG00000109743,5
ENSG00000109787,7
ENSG00000109790,7
ENSG00000109854,7
ENSG00000109861,8
ENSG00000109917,5
ENSG00000109919,0
ENSG00000109920,8
ENSG00000109971,4
ENSG00000110002,7
ENSG00000110011,1
ENSG00000110013,7
ENSG00000110031,8
ENSG00000110047,7
ENSG00000110048,5
ENSG00000110057,5
ENSG00000110066,5
ENSG00000110075,10
ENSG00000110077,8
ENSG00000110080,10
ENSG00000110090,2
ENSG00000110172,5
ENSG00000110218,7
ENSG00000110315,2
ENSG00000110321,6
ENSG00000110324,5
ENSG00000110330,10
ENSG00000110344,5
ENSG00000110367,2
ENSG00000110395,2
ENSG00000110422,7
ENSG00000110429,5
ENSG00000110442,5
ENSG00000110448,5
ENSG00000110455,10
ENSG00000110514,9
ENSG00000110619,8
ENSG00000110651,5
ENSG00000110665,10
ENSG00000110696,1
ENSG00000110697,8
ENSG00000110700,4
ENSG00000110711,8
ENSG00000110713,8
ENSG00000110717,8
ENSG00000110719,0
ENSG00000110756,5
ENSG00000110768,8
ENSG00000110799,1
ENSG00000110848,8
ENSG00000110851,2
ENSG00000110852,8
ENSG00000110876,5
ENSG00000110880,9
ENSG00000110906,2
ENSG00000110911,2
ENSG00000110917,10
ENSG00000110931,5
ENSG00000110934,3
ENSG00000110955,4
ENSG00000110958,7
ENSG00000111011,0
ENSG00000111142,8
ENSG00000111144,4
ENSG00000111145,10
ENSG00000111196,7
ENSG00000111229,9
ENSG00000111231,2
ENSG00000111237,0
ENSG00000111252,10
ENSG00000111269,2
ENSG00000111275,8
ENSG00000111328,9
ENSG00000111335,5
ENSG00000111348,6
ENSG00000111361,8
ENSG00000111364,5
ENSG00000111371,8
ENSG00000111424,2
ENSG00000111481,1
ENSG00000111530,5
ENSG00000111540,2
ENSG00000111554,1
ENSG00000111581,8
ENSG00000111596,0
ENSG00000111605,8
ENSG00000111615,2
ENSG00000111639,2
ENSG00000111640,6
ENSG00000111641,5
ENSG00000111642,7
ENSG00000111644,3
ENSG00000111647,5
ENSG00000111652,5
ENSG00000111653,10
ENSG00000111666,8
ENSG00000111667,5
ENSG00000111669,9
ENSG00000111670,8
ENSG00000111674,1
ENSG00000111678,2
ENSG00000111679,4
ENSG00000111684,2
ENSG00000111707,2
ENSG00000111711,7
ENSG00000111716,4
ENSG00000111726,10
ENSG00000111731,8
ENSG00000111786,0
ENSG00000111790,7
ENSG00000111796,0
ENSG00000111801,5
ENSG00000111802,10
ENSG00000111817,10
ENSG00000111832,7
ENSG00000111843,8
ENSG00000111859,5
ENSG00000111860,8
ENSG00000111875,2
ENSG00000111885,7
ENSG00000111897,8
ENSG00000111906,5
ENSG00000111912,7
ENSG00000111913,1
ENSG00000112031,7
ENSG00000112062,7
ENSG00000112078,1
ENSG00000112079,7
ENSG00000112081,7
ENSG00000112096,3
ENSG00000112110,2
ENSG00000112118,8
ENSG00000112130,10
ENSG00000112146,1
ENSG00000112159,5
ENSG00000112200,2
ENSG00000112234,10
ENSG00000112237,5
ENSG00000112242,2
ENSG00000112245,7
ENSG00000112249,5
ENSG00000112282,5
ENSG00000112290,2
ENSG00000112297,5
ENSG00000112299,5
ENSG00000112303,5
ENSG00000112305,10
ENSG00000112306,4
ENSG00000112308,9
ENSG00000112335,9
ENSG00000112339,8
ENSG00000112343,5
ENSG00000112367,8
ENSG00000112419,10
ENSG00000112511,8
ENSG00000112514,0
ENSG00000112531,10
ENSG00000112561,5
ENSG00000112576,3
ENSG00000112655,2
ENSG00000112679,1
ENSG00000112685,5
ENSG00000112695,0
ENSG00000112697,5
ENSG00000112701,7
ENSG00000112739,8
ENSG00000112787,2
ENSG00000112799,5
ENSG00000112851,1
ENSG00000112893,10
ENSG00000112977,7
ENSG00000112983,5
ENSG00000112992,7
ENSG00000113013,0
ENSG00000113140,6
ENSG00000113141,4
ENSG00000113161,5
ENSG00000113163,10
ENSG00000113240,8
ENSG00000113263,5
ENSG00000113269,1
ENSG00000113282,7
ENSG00000113312,8
ENSG00000113318,5
ENSG00000113328,1
ENSG00000113356,1
ENSG00000113360,5
ENSG00000113369,2
ENSG00000113384,2
ENSG00000113387,7
ENSG00000113391,5
ENSG00000113407,8
ENSG00000113441,10
ENSG00000113448,10
ENSG00000113460,5
ENSG00000113522,0
ENSG00000113558,3
ENSG00000113569,5
ENSG00000113575,0
ENSG00000113580,10
ENSG00000113593,8
ENSG00000113597,5
ENSG00000113638,10
ENSG00000113643,8
ENSG00000113648,8
ENSG00000113649,8
ENSG00000113658,2
ENSG00000113712,7
ENSG00000113732,9
ENSG00000113742,2
ENSG00000113758,7
ENSG00000113761,5
ENSG00000113810,7
ENSG00000113811,0
ENSG00000113845,8
ENSG00000113851,9
ENSG00000113924,9
ENSG00000114013,5
ENSG00000114021,5
ENSG00000114023,5
ENSG00000114030,10
ENSG00000114054,8
ENSG00000114062,8
ENSG00000114098,1
ENSG00000114120,5
ENSG00000114125,2
ENSG00000114126,2
ENSG00000114127,7
ENSG00000114166,10
ENSG00000114209,9
ENSG00000114316,7
ENSG00000114331,7
ENSG00000114353,9
ENSG00000114354,10
ENSG00000114383,2
ENSG00000114388,5
ENSG00000114391,4
ENSG00000114416,8
ENSG00000114423,5
ENSG00000114439,7
ENSG00000114446,8
ENSG00000114480,2
ENSG00000114487,10
ENSG00000114520,8
ENSG00000114541,1
ENSG00000114573,10
ENSG00000114626,1
ENSG00000114650,5
ENSG00000114686,8
ENSG00000114738,10
ENSG00000114742,8
ENSG00000114745,2
ENSG00000114770,10
ENSG00000114784,7
ENSG00000114796,2
ENSG00000114805,10
ENSG00000114850,8
ENSG00000114857,0
ENSG00000114861,7
ENSG00000114867,0
ENSG00000114902,0
ENSG00000114904,7
ENSG00000114942,4
ENSG00000114956,10
ENSG00000114978,9
ENSG00000114982,7
ENSG00000115020,2
ENSG00000115053,4
ENSG00000115085,8
ENSG00000115091,9
ENSG00000115159,7
ENSG00000115165,8
ENSG00000115170,1
ENSG00000115204,2
ENSG00000115207,5
ENSG00000115211,5
ENSG00000115216,1
ENSG00000115232,0
ENSG00000115233,8
ENSG00000115234,1
ENSG00000115241,0
ENSG00000115267,5
ENSG00000115268,4
ENSG00000115271,0
ENSG00000115286,5
ENSG00000115290,9
ENSG00000115295,5
ENSG00000115306,10
ENSG00000115307,0
ENSG00000115310,1
ENSG00000115317,2
ENSG00000115318,10
ENSG00000115350,5
ENSG00000115355,0
ENSG00000115368,5
ENSG00000115415,4
ENSG00000115419,2
ENSG00000115421,5
ENSG00000115446,5
ENSG00000115457,10
ENSG00000115459,2
ENSG00000115464,7
ENSG00000115484,0
ENSG00000115504,10
ENSG00000115520,2
ENSG00000115523,4
ENSG00000115524,4
ENSG00000115548,10
ENSG00000115590,5
ENSG00000115607,5
ENSG00000115641,10
ENSG00000115649,10
ENSG00000115652,9
ENSG00000115677,7
ENSG00000115685,8
ENSG00000115694,8
ENSG00000115738,8
ENSG00000115756,7
ENSG00000115758,3
ENSG00000115760,0
ENSG00000115762,10
ENSG00000115806,8
ENSG00000115808,10
ENSG00000115816,5
ENSG00000115825,5
ENSG00000115828,5
ENSG00000115839,10
ENSG00000115866,7
ENSG00000115875,0
ENSG00000115904,2
ENSG00000115919,5
ENSG00000115935,9
ENSG00000115944,2
ENSG00000115947,8
ENSG00000115956,9
ENSG00000115966,10
ENSG00000115970,5
ENSG00000115993,10
ENSG00000116001,7
ENSG00000116030,10
ENSG00000116044,10
ENSG00000116120,5
ENSG00000116161,8
ENSG00000116171,1
ENSG00000116191,5
ENSG00000116198,2
ENSG00000116199,2
ENSG00000116209,4
ENSG00000116221,10
ENSG00000116260,2
ENSG00000116266,1
ENSG00000116288,3
ENSG00000116337,10
ENSG00000116350,10
ENSG00000116406,5
ENSG00000116455,5
ENSG00000116459,0
ENSG00000116473,1
ENSG00000116478,7
ENSG00000116489,7
ENSG00000116514,5
ENSG00000116521,8
ENSG00000116560,0
ENSG00000116580,5
ENSG00000116586,10
ENSG00000116604,2
ENSG00000116649,8
ENSG00000116667,10
ENSG00000116670,5
ENSG00000116678,1
ENSG00000116679,9
ENSG00000116685,10
ENSG00000116688,1
ENSG00000116691,5
ENSG00000116698,10
ENSG00000116701,0
ENSG00000116711,2
ENSG00000116717,10
ENSG00000116741,8
ENSG00000116747,1
ENSG00000116750,8
ENSG00000116752,5
ENSG00000116754,4
ENSG00000116786,5
ENSG00000116793,7
ENSG00000116809,5
ENSG00000116815,5
ENSG00000116824,5
ENSG00000116857,2
ENSG00000116871,8
ENSG00000116898,8
ENSG00000116906,0
ENSG00000116962,2
ENSG00000116977,7
ENSG00000116984,10
ENSG00000117054,7
ENSG00000117091,8
ENSG00000117115,5
ENSG00000117118,8
ENSG00000117133,5
ENSG00000117139,2
ENSG00000117151,5
ENSG00000117153,2
ENSG00000117155,9
ENSG00000117228,8
ENSG00000117280,5
ENSG00000117289,4
ENSG00000117298,1
ENSG00000117305,2
ENSG00000117335,7
ENSG00000117360,8
ENSG00000117362,2
ENSG00000117385,5
ENSG00000117395,5
ENSG00000117400,10
ENSG00000117410,0
ENSG00000117419,5
ENSG00000117448,8
ENSG00000117450,0
ENSG00000117475,10
ENSG00000117500,5
ENSG00000117505,10
ENSG00000117523,1
ENSG00000117528,5
ENSG00000117533,10
ENSG00000117586,10
ENSG00000117592,3
ENSG00000117602,2
ENSG00000117614,0
ENSG00000117616,8
ENSG00000117625,7
ENSG00000117640,7
ENSG00000117676,0
ENSG00000117691,9
ENSG00000117697,5
ENSG00000117713,2
ENSG00000117748,0
ENSG00000117859,8
ENSG00000117862,8
ENSG00000117868,8
ENSG00000117899,5
ENSG00000117906,5
ENSG00000117984,2
ENSG00000118007,10
ENSG00000118046,8
ENSG00000118058,8
ENSG00000118181,4
ENSG00000118193,2
ENSG00000118197,5
ENSG00000118217,8
ENSG00000118246,5
ENSG00000118260,2
ENSG00000118308,1
ENSG00000118363,8
ENSG00000118412,5
ENSG00000118418,8
ENSG00000118454,5
ENSG00000118482,8
ENSG00000118503,5
ENSG00000118507,10
ENSG00000118508,9
ENSG00000118515,5
ENSG00000118564,0
ENSG00000118579,2
ENSG00000118640,10
ENSG00000118680,9
ENSG00000118705,9
ENSG00000118816,1
ENSG00000118855,6
ENSG00000118873,10
ENSG00000118900,7
ENSG00000119004,5
ENSG00000119013,2
ENSG00000119041,5
ENSG00000119048,7
ENSG00000119139,1
ENSG00000119185,8
ENSG00000119203,8
ENSG00000119242,9
ENSG00000119280,7
ENSG00000119285,5
ENSG00000119314,10
ENSG00000119318,2
ENSG00000119321,8
ENSG00000119326,1
ENSG00000119335,7
ENSG00000119383,2
ENSG00000119392,5
ENSG00000119396,7
ENSG00000119397,0
ENSG00000119402,2
ENSG00000119408,5
ENSG00000119414,7
ENSG00000119446,2
ENSG00000119471,5
ENSG00000119487,8
ENSG00000119535,0
ENSG00000119541,0
ENSG00000119596,8
ENSG00000119632,10
ENSG00000119655,7
ENSG00000119684,3
ENSG00000119688,5
ENSG00000119705,8
ENSG00000119707,0
ENSG00000119718,10
ENSG00000119777,5
ENSG00000119778,10
ENSG00000119801,1
ENSG00000119820,5
ENSG00000119844,10
ENSG00000119862,1
ENSG00000119899,10
ENSG00000119900,10
ENSG00000119912,5
ENSG00000119929,5
ENSG00000119950,5
ENSG00000119953,2
ENSG00000119977,5
ENSG00000119979,2
ENSG00000120008,7
ENSG00000120063,10
ENSG00000120129,8
ENSG00000120159,10
ENSG00000120265,1
ENSG00000120437,5
ENSG00000120438,7
ENSG00000120451,2
ENSG00000120533,8
ENSG00000120594,1
ENSG00000120656,2
ENSG00000120675,7
ENSG00000120688,10
ENSG00000120690,9
ENSG00000120694,0
ENSG00000120697,5
ENSG00000120699,8
ENSG00000120705,8
ENSG00000120708,8
ENSG00000120727,9
ENSG00000120733,8
ENSG00000120742,7
ENSG00000120802,5
ENSG00000120837,2
ENSG00000120860,1
ENSG00000120868,8
ENSG00000120885,6
ENSG00000120899,0
ENSG00000120903,2
ENSG00000120910,8
ENSG00000120913,5
ENSG00000120915,10
ENSG00000120948,5
ENSG00000120963,0
ENSG00000120992,7
ENSG00000121022,10
ENSG00000121064,8
ENSG00000121067,7
ENSG00000121073,8
ENSG00000121104,5
ENSG00000121210,0
ENSG00000121281,5
ENSG00000121316,8
ENSG00000121390,5
ENSG00000121486,5
ENSG00000121552,5
ENSG00000121579,10
ENSG00000121680,8
ENSG00000121691,0
ENSG00000121741,10
ENSG00000121749,9
ENSG00000121766,1
ENSG00000121774,0
ENSG00000121848,7
ENSG00000121851,0
ENSG00000121858,5
ENSG00000121879,8
ENSG00000121892,7
ENSG00000121964,7
ENSG00000122008,10
ENSG00000122026,3
ENSG00000122033,2
ENSG00000122034,4
ENSG00000122042,5
ENSG00000122068,10
ENSG00000122085,10
ENSG00000122122,8
ENSG00000122203,7
ENSG00000122218,9
ENSG00000122223,5
ENSG00000122224,5
ENSG00000122257,8
ENSG00000122299,1
ENSG00000122335,2
ENSG00000122359,9
ENSG00000122406,4
ENSG00000122417,8
ENSG00000122483,1
ENSG00000122490,2
ENSG00000122515,2
ENSG00000122545,6
ENSG00000122550,2
ENSG00000122557,5
ENSG00000122565,7
ENSG00000122566,9
ENSG00000122591,2
ENSG00000122643,6
ENSG00000122692,8
ENSG00000122694,8
ENSG00000122705,7
ENSG00000122779,10
ENSG00000122786,9
ENSG00000122862,9
ENSG00000122882,5
ENSG00000122958,10
ENSG00000122965,5
ENSG00000122970,2
ENSG00000122986,5
ENSG00000123064,5
ENSG00000123066,5
ENSG00000123091,9
ENSG00000123104,7
ENSG00000123106,7
ENSG00000123124,1
ENSG00000123130,8
ENSG00000123131,5
ENSG00000123136,8
ENSG00000123143,0
ENSG00000123144,7
ENSG00000123146,0
ENSG00000123159,2
ENSG00000123200,7
ENSG00000123219,10
ENSG00000123240,0
ENSG00000123329,0
ENSG00000123338,0
ENSG00000123349,4
ENSG00000123352,2
ENSG00000123384,5
ENSG00000123405,1
ENSG00000123416,1
ENSG00000123472,10
ENSG00000123505,9
ENSG00000123607,5
ENSG00000123609,0
ENSG00000123636,0
ENSG00000123684,2
ENSG00000123737,5
ENSG00000123739,9
ENSG00000123815,5
ENSG00000123908,2
ENSG00000123933,8
ENSG00000123983,5
ENSG00000123992,8
ENSG00000124098,2
ENSG00000124126,0
ENSG00000124151,10
ENSG00000124155,8
ENSG00000124164,7
ENSG00000124172,9
ENSG00000124177,2
ENSG00000124181,5
ENSG00000124193,7
ENSG00000124198,10
ENSG00000124201,2
ENSG00000124207,8
ENSG00000124209,2
ENSG00000124214,7
ENSG00000124226,8
ENSG00000124228,8
ENSG00000124275,2
ENSG00000124299,8
ENSG00000124302,2
ENSG00000124333,1
ENSG00000124356,2
ENSG00000124357,8
ENSG00000124383,5
ENSG00000124406,10
ENSG00000124422,2
ENSG00000124486,1
ENSG00000124491,6
ENSG00000124532,10
ENSG00000124535,1
ENSG00000124541,5
ENSG00000124562,8
ENSG00000124570,1
ENSG00000124587,5
ENSG00000124588,7
ENSG00000124635,1
ENSG00000124657,2
ENSG00000124702,10
ENSG00000124733,7
ENSG00000124762,1
ENSG00000124767,5
ENSG00000124772,7
ENSG00000124783,10
ENSG00000124784,8
ENSG00000124795,9
ENSG00000124831,9
ENSG00000125037,3
ENSG00000125089,5
ENSG00000125107,0
ENSG00000125124,8
ENSG00000125148,2
ENSG00000125166,5
ENSG00000125257,9
ENSG00000125304,0
ENSG00000125347,0
ENSG00000125351,8
ENSG00000125354,9
ENSG00000125356,1
ENSG00000125375,7
ENSG00000125386,5
ENSG00000125388,2
ENSG00000125445,5
ENSG00000125450,5
ENSG00000125457,7
ENSG00000125458,2
ENSG00000125503,2
ENSG00000125505,5
ENSG00000125534,1
ENSG00000125637,5
ENSG00000125651,8
ENSG00000125652,5
ENSG00000125656,5
ENSG00000125676,9
ENSG00000125691,4
ENSG00000125703,2
ENSG00000125733,2
ENSG00000125734,1
ENSG00000125743,8
ENSG00000125744,2
ENSG00000125746,5
ENSG00000125753,7
ENSG00000125755,2
ENSG00000125772,1
ENSG00000125779,7
ENSG00000125814,2
ENSG00000125818,10
ENSG00000125821,2
ENSG00000125826,8
ENSG00000125827,10
ENSG00000125835,0
ENSG00000125844,5
ENSG00000125863,10
ENSG00000125868,7
ENSG00000125869,2
ENSG00000125870,8
ENSG00000125875,7
ENSG00000125898,2
ENSG00000125912,5
ENSG00000125944,7
ENSG00000125952,9
ENSG00000125970,1
ENSG00000125971,9
ENSG00000125977,0
ENSG00000125991,0
ENSG00000126067,8
ENSG00000126088,7
ENSG00000126091,1
ENSG00000126107,5
ENSG00000126216,8
ENSG00000126217,2
ENSG00000126226,8
ENSG00000126247,1
ENSG00000126254,10
ENSG00000126261,0
ENSG00000126264,7
ENSG00000126267,1
ENSG00000126391,2
ENSG00000126432,1
ENSG00000126456,5
ENSG00000126457,0
ENSG00000126458,7
ENSG00000126524,8
ENSG00000126561,8
ENSG00000126581,1
ENSG00000126602,5
ENSG00000126653,10
ENSG00000126698,7
ENSG00000126709,5
ENSG00000126746,5
ENSG00000126749,5
ENSG00000126756,7
ENSG00000126759,8
ENSG00000126768,10
ENSG00000126773,5
ENSG00000126777,4
ENSG00000126858,8
ENSG00000126870,10
ENSG00000126883,8
ENSG00000126903,10
ENSG00000126934,7
ENSG00000127022,0
ENSG00000127054,8
ENSG00000127084,0
ENSG00000127125,2
ENSG00000127184,0
ENSG00000127249,2
ENSG00000127252,7
ENSG00000127314,3
ENSG00000127328,2
ENSG00000127337,5
ENSG00000127415,5
ENSG00000127419,5
ENSG00000127445,8
ENSG00000127463,5
ENSG00000127481,0
ENSG00000127483,7
ENSG00000127507,5
ENSG00000127511,2
ENSG00000127526,2
ENSG00000127527,10
ENSG00000127528,8
ENSG00000127603,7
ENSG00000127616,8
ENSG00000127663,2
ENSG00000127824,3
ENSG00000127831,1
ENSG00000127837,8
ENSG00000127838,7
ENSG00000127870,2
ENSG00000127884,8
ENSG00000127914,4
ENSG00000127920,6
ENSG00000127922,8
ENSG00000127947,3
ENSG00000127948,5
ENSG00000127952,5
ENSG00000127980,5
ENSG00000127995,5
ENSG00000128159,5
ENSG00000128185,5
ENSG00000128245,9
ENSG00000128266,10
ENSG00000128272,7
ENSG00000128294,9
ENSG00000128309,10
ENSG00000128311,2
ENSG00000128340,4
ENSG00000128383,5
ENSG00000128463,8
ENSG00000128487,2
ENSG00000128513,2
ENSG00000128524,2
ENSG00000128534,5
ENSG00000128578,2
ENSG00000128585,10
ENSG00000128595,7
ENSG00000128604,5
ENSG00000128609,1
ENSG00000128699,8
ENSG00000128708,7
ENSG00000128731,2
ENSG00000128789,8
ENSG00000128791,2
ENSG00000128815,5
ENSG00000128829,8
ENSG00000128908,5
ENSG00000128915,5
ENSG00000128923,10
ENSG00000128928,5
ENSG00000128951,8
ENSG00000128989,10
ENSG00000129003,0
ENSG00000129071,10
ENSG00000129083,0
ENSG00000129103,8
ENSG00000129128,8
ENSG00000129187,10
ENSG00000129197,5
ENSG00000129235,8
ENSG00000129245,5
ENSG00000129292,1
ENSG00000129347,5
ENSG00000129351,0
ENSG00000129353,3
ENSG00000129354,7
ENSG00000129355,1
ENSG00000129450,5
ENSG00000129460,8
ENSG00000129515,1
ENSG00000129518,8
ENSG00000129521,10
ENSG00000129534,8
ENSG00000129562,9
ENSG00000129625,0
ENSG00000129636,9
ENSG00000129657,1
ENSG00000129667,5
ENSG00000129675,8
ENSG00000129680,10
ENSG00000129691,7
ENSG00000129824,8
ENSG00000129925,10
ENSG00000129933,5
ENSG00000129968,1
ENSG00000130005,2
ENSG00000130023,5
ENSG00000130024,2
ENSG00000130066,6
ENSG00000130119,10
ENSG00000130150,5
ENSG00000130175,8
ENSG00000130176,2
ENSG00000130177,1
ENSG00000130201,2
ENSG00000130204,5
ENSG00000130227,7
ENSG00000130254,0
ENSG00000130255,4
ENSG00000130303,8
ENSG00000130305,5
ENSG00000130313,8
ENSG00000130340,7
ENSG00000130402,2
ENSG00000130414,0
ENSG00000130429,6
ENSG00000130475,10
ENSG00000130511,8
ENSG00000130520,2
ENSG00000130560,10
ENSG00000130592,4
ENSG00000130638,0
ENSG00000130640,8
ENSG00000130703,10
ENSG00000130706,10
ENSG00000130717,2
ENSG00000130723,5
ENSG00000130724,0
ENSG00000130725,10
ENSG00000130726,0
ENSG00000130731,10
ENSG00000130734,2
ENSG00000130741,8
ENSG00000130748,2
ENSG00000130755,9
ENSG00000130770,8
ENSG00000130775,8
ENSG00000130779,1
ENSG00000130787,5
ENSG00000130811,0
ENSG00000130816,1
ENSG00000130826,8
ENSG00000130830,3
ENSG00000130856,2
ENSG00000130935,5
ENSG00000130939,2
ENSG00000130948,10
ENSG00000130956,10
ENSG00000130958,1
ENSG00000130985,1
ENSG00000131013,10
ENSG00000131018,0
ENSG00000131042,8
ENSG00000131051,9
ENSG00000131069,10
ENSG00000131100,1
ENSG00000131143,1
ENSG00000131165,2
ENSG00000131171,3
ENSG00000131174,10
ENSG00000131188,10
ENSG00000131196,10
ENSG00000131236,3
ENSG00000131238,8
ENSG00000131269,5
ENSG00000131370,2
ENSG00000131373,5
ENSG00000131374,10
ENSG00000131375,5
ENSG00000131378,5
ENSG00000131389,10
ENSG00000131401,8
ENSG00000131408,7
ENSG00000131467,8
ENSG00000131469,4
ENSG00000131473,8
ENSG00000131504,9
ENSG00000131507,0
ENSG00000131508,7
ENSG00000131558,2
ENSG00000131584,5
ENSG00000131626,8
ENSG00000131634,2
ENSG00000131652,5
ENSG00000131653,2
ENSG00000131669,10
ENSG00000131711,2
ENSG00000131724,5
ENSG00000131725,1
ENSG00000131747,2
ENSG00000131748,8
ENSG00000131778,9
ENSG00000131781,2
ENSG00000131788,5
ENSG00000131791,2
ENSG00000131795,8
ENSG00000131828,8
ENSG00000131871,5
ENSG00000131876,8
ENSG00000131966,9
ENSG00000131981,0
ENSG00000132002,5
ENSG00000132024,5
ENSG00000132128,2
ENSG00000132153,8
ENSG00000132155,7
ENSG00000132182,8
ENSG00000132274,8
ENSG00000132294,8
ENSG00000132300,8
ENSG00000132305,8
ENSG00000132323,8
ENSG00000132334,8
ENSG00000132341,0
ENSG00000132356,10
ENSG00000132376,7
ENSG00000132383,7
ENSG00000132388,10
ENSG00000132405,2
ENSG00000132424,0
ENSG00000132432,8
ENSG00000132463,7
ENSG00000132465,5
ENSG00000132466,8
ENSG00000132471,3
ENSG00000132475,9
ENSG00000132485,8
ENSG00000132507,8
ENSG00000132530,5
ENSG00000132549,0
ENSG00000132589,0
ENSG00000132591,5
ENSG00000132600,5
ENSG00000132604,2
ENSG00000132612,2
ENSG00000132670,9
ENSG00000132676,0
ENSG00000132694,5
ENSG00000132780,0
ENSG00000132792,0
ENSG00000132819,10
ENSG00000132823,5
ENSG00000132824,9
ENSG00000132842,0
ENSG00000132849,5
ENSG00000132906,2
ENSG00000132912,10
ENSG00000132950,2
ENSG00000132963,7
ENSG00000132965,8
ENSG00000132970,10
ENSG00000133030,2
ENSG00000133069,10
ENSG00000133103,5
ENSG00000133104,10
ENSG00000133106,10
ENSG00000133112,3
ENSG00000133193,2
ENSG00000133226,0
ENSG00000133243,2
ENSG00000133246,8
ENSG00000133275,10
ENSG00000133302,1
ENSG00000133313,8
ENSG00000133317,1
ENSG00000133318,9
ENSG00000133321,8
ENSG00000133393,10
ENSG00000133398,8
ENSG00000133606,9
ENSG00000133627,1
ENSG00000133639,8
ENSG00000133703,2
ENSG00000133706,0
ENSG00000133739,10
ENSG00000133742,2
ENSG00000133789,8
ENSG00000133794,5
ENSG00000133835,8
ENSG00000133858,0
ENSG00000133872,1
ENSG00000133884,5
ENSG00000133943,5
ENSG00000133961,10
ENSG00000134001,8
ENSG00000134014,5
ENSG00000134046,0
ENSG00000134056,2
ENSG00000134058,5
ENSG00000134070,2
ENSG00000134108,1
ENSG00000134109,5
ENSG00000134153,5
ENSG00000134184,5
ENSG00000134186,5
ENSG00000134198,7
ENSG00000134201,2
ENSG00000134202,2
ENSG00000134215,10
ENSG00000134242,5
ENSG00000134243,10
ENSG00000134248,8
ENSG00000134265,10
ENSG00000134278,2
ENSG00000134283,8
ENSG00000134291,1
ENSG00000134294,10
ENSG00000134297,10
ENSG00000134308,1
ENSG00000134313,10
ENSG00000134317,7
ENSG00000134318,9
ENSG00000134333,0
ENSG00000134352,1
ENSG00000134371,10
ENSG00000134419,4
ENSG00000134440,0
ENSG00000134444,5
ENSG00000134452,7
ENSG00000134453,0
ENSG00000134480,8
ENSG00000134516,0
ENSG00000134539,8
ENSG00000134548,7
ENSG00000134574,5
ENSG00000134602,7
ENSG00000134644,8
ENSG00000134668,1
ENSG00000134684,8
ENSG00000134686,5
ENSG00000134697,8
ENSG00000134698,5
ENSG00000134744,8
ENSG00000134748,8
ENSG00000134758,8
ENSG00000134759,8
ENSG00000134779,7
ENSG00000134824,2
ENSG00000134825,0
ENSG00000134851,10
ENSG00000134882,1
ENSG00000134884,8
ENSG00000134900,1
ENSG00000134905,0
ENSG00000134909,10
ENSG00000134910,8
ENSG00000134954,8
ENSG00000134986,10
ENSG00000134987,5
ENSG00000134996,9
ENSG00000135018,10
ENSG00000135040,5
ENSG00000135046,4
ENSG00000135048,5
ENSG00000135049,0
ENSG00000135070,2
ENSG00000135083,2
ENSG00000135090,9
ENSG00000135108,5
ENSG00000135124,5
ENSG00000135148,10
ENSG00000135164,8
ENSG00000135185,5
ENSG00000135218,9
ENSG00000135241,5
ENSG00000135250,8
ENSG00000135269,8
ENSG00000135315,7
ENSG00000135316,0
ENSG00000135317,8
ENSG00000135334,1
ENSG00000135336,8
ENSG00000135338,2
ENSG00000135341,8
ENSG00000135363,2
ENSG00000135365,5
ENSG00000135372,5
ENSG00000135387,0
ENSG00000135390,0
ENSG00000135404,9
ENSG00000135426,8
ENSG00000135473,5
ENSG00000135486,4
ENSG00000135506,8
ENSG00000135521,5
ENSG00000135535,7
ENSG00000135596,8
ENSG00000135597,8
ENSG00000135604,2
ENSG00000135605,2
ENSG00000135624,0
ENSG00000135636,5
ENSG00000135655,4
ENSG00000135677,5
ENSG00000135679,2
ENSG00000135709,7
ENSG00000135720,5
ENSG00000135723,2
ENSG00000135775,8
ENSG00000135776,2
ENSG00000135821,9
ENSG00000135823,2
ENSG00000135829,0
ENSG00000135837,0
ENSG00000135838,7
ENSG00000135842,5
ENSG00000135847,5
ENSG00000135862,2
ENSG00000135870,2
ENSG00000135899,0
ENSG00000135905,0
ENSG00000135913,5
ENSG00000135919,10
ENSG00000135926,9
ENSG00000135929,5
ENSG00000135930,8
ENSG00000135932,7
ENSG00000135940,0
ENSG00000135945,5
ENSG00000135968,0
ENSG00000135972,5
ENSG00000135976,0
ENSG00000136003,9
ENSG00000136021,1
ENSG00000136040,5
ENSG00000136044,2
ENSG00000136045,8
ENSG00000136048,2
ENSG00000136100,8
ENSG00000136104,0
ENSG00000136108,2
ENSG00000136143,5
ENSG00000136146,8
ENSG00000136147,8
ENSG00000136156,6
ENSG00000136161,5
ENSG00000136167,9
ENSG00000136169,5
ENSG00000136205,2
ENSG00000136231,1
ENSG00000136238,9
ENSG00000136240,2
ENSG00000136247,7
ENSG00000136250,0
ENSG00000136261,5
ENSG00000136270,5
ENSG00000136271,8
ENSG00000136279,9
ENSG00000136280,7
ENSG00000136286,0
ENSG00000136295,2
ENSG00000136319,2
ENSG00000136381,5
ENSG00000136404,1
ENSG00000136436,7
ENSG00000136448,8
ENSG00000136451,2
ENSG00000136478,2
ENSG00000136485,5
ENSG00000136490,0
ENSG00000136504,5
ENSG00000136518,5
ENSG00000136521,8
ENSG00000136522,8
ENSG00000136527,0
ENSG00000136536,8
ENSG00000136560,8
ENSG00000136573,5
ENSG00000136628,0
ENSG00000136631,8
ENSG00000136653,8
ENSG00000136682,5
ENSG00000136709,8
ENSG00000136710,5
ENSG00000136717,0
ENSG00000136718,5
ENSG00000136731,2
ENSG00000136732,5
ENSG00000136738,2
ENSG00000136754,1
ENSG00000136758,7
ENSG00000136770,10
ENSG00000136783,2
ENSG00000136807,2
ENSG00000136810,1
ENSG00000136811,10
ENSG00000136813,0
ENSG00000136819,7
ENSG00000136824,2
ENSG00000136827,5
ENSG00000136842,2
ENSG00000136854,2
ENSG00000136856,2
ENSG00000136861,7
ENSG00000136874,2
ENSG00000136877,5
ENSG00000136878,10
ENSG00000136888,7
ENSG00000136929,7
ENSG00000136930,8
ENSG00000136936,5
ENSG00000136937,5
ENSG00000136938,1
ENSG00000136942,4
ENSG00000136950,5
ENSG00000136986,5
ENSG00000137055,5
ENSG00000137073,7
ENSG00000137075,2
ENSG00000137076,6
ENSG00000137100,8
ENSG00000137101,5
ENSG00000137106,8
ENSG00000137133,10
ENSG00000137145,7
ENSG00000137154,3
ENSG00000137161,1
ENSG00000137193,5
ENSG00000137198,3
ENSG00000137200,5
ENSG00000137207,7
ENSG00000137210,5
ENSG00000137225,2
ENSG00000137266,2
ENSG00000137312,7
ENSG00000137364,5
ENSG00000137409,0
ENSG00000137449,2
ENSG00000137478,8
ENSG00000137486,1
ENSG00000137492,2
ENSG00000137497,8
ENSG00000137500,10
ENSG00000137502,2
ENSG00000137509,5
ENSG00000137547,5
ENSG00000137574,5
ENSG00000137575,9
ENSG00000137601,10
ENSG00000137628,8
ENSG00000137642,0
ENSG00000137672,2
ENSG00000137710,10
ENSG00000137713,5
ENSG00000137752,0
ENSG00000137764,5
ENSG00000137767,8
ENSG00000137770,5
ENSG00000137776,9
ENSG00000137801,9
ENSG00000137804,2
ENSG00000137815,0
ENSG00000137817,7
ENSG00000137818,3
ENSG00000137822,7
ENSG00000137824,5
ENSG00000137831,10
ENSG00000137841,8
ENSG00000137845,7
ENSG00000137871,5
ENSG00000137876,8
ENSG00000137941,10
ENSG00000137942,10
ENSG00000137944,5
ENSG00000137947,10
ENSG00000137955,5
ENSG00000137965,5
ENSG00000137996,2
ENSG00000138029,0
ENSG00000138031,10
ENSG00000138032,5
ENSG00000138035,5
ENSG00000138041,7
ENSG00000138069,10
ENSG00000138071,1
ENSG00000138073,5
ENSG00000138081,2
ENSG00000138085,0
ENSG00000138095,0
ENSG00000138107,10
ENSG00000138119,5
ENSG00000138182,7
ENSG00000138190,2
ENSG00000138246,8
ENSG00000138279,1
ENSG00000138293,3
ENSG00000138326,4
ENSG00000138363,8
ENSG00000138375,5
ENSG00000138376,10
ENSG00000138378,8
ENSG00000138382,5
ENSG00000138385,0
ENSG00000138398,0
ENSG00000138413,5
ENSG00000138430,8
ENSG00000138433,0
ENSG00000138434,7
ENSG00000138443,10
ENSG00000138449,3
ENSG00000138468,10
ENSG00000138495,10
ENSG00000138496,5
ENSG00000138592,0
ENSG00000138593,10
ENSG00000138594,1
ENSG00000138600,8
ENSG00000138629,8
ENSG00000138641,5
ENSG00000138642,10
ENSG00000138646,5
ENSG00000138663,10
ENSG00000138668,0
ENSG00000138674,7
ENSG00000138688,0
ENSG00000138698,7
ENSG00000138709,1
ENSG00000138722,7
ENSG00000138735,3
ENSG00000138744,8
ENSG00000138750,5
ENSG00000138756,2
ENSG00000138757,9
ENSG00000138758,9
ENSG00000138760,5
ENSG00000138764,5
ENSG00000138767,2
ENSG00000138768,8
ENSG00000138772,7
ENSG00000138777,8
ENSG00000138778,2
ENSG00000138794,10
ENSG00000138795,8
ENSG00000138796,10
ENSG00000138798,1
ENSG00000138801,7
ENSG00000138802,5
ENSG00000138821,5
ENSG00000138834,5
ENSG00000138835,10
ENSG00000138867,2
ENSG00000138964,0
ENSG00000139083,10
ENSG00000139117,2
ENSG00000139132,2
ENSG00000139146,5
ENSG00000139168,8
ENSG00000139192,5
ENSG00000139218,0
ENSG00000139278,8
ENSG00000139318,5
ENSG00000139323,1
ENSG00000139343,8
ENSG00000139350,10
ENSG00000139370,5
ENSG00000139433,2
ENSG00000139436,8
ENSG00000139505,5
ENSG00000139597,7
ENSG00000139613,0
ENSG00000139620,5
ENSG00000139624,2
ENSG00000139626,8
ENSG00000139636,5
ENSG00000139641,0
ENSG00000139644,9
ENSG00000139668,5
ENSG00000139684,0
ENSG00000139687,10
ENSG00000139697,7
ENSG00000139722,2
ENSG00000139725,2
ENSG00000139726,8
ENSG00000139746,8
ENSG00000139793,2
ENSG00000139835,2
ENSG00000139842,8
ENSG00000139921,10
ENSG00000139946,2
ENSG00000139970,7
ENSG00000139974,2
ENSG00000139990,10
ENSG00000140022,7
ENSG00000140105,0
ENSG00000140157,5
ENSG00000140262,10
ENSG00000140264,1
ENSG00000140299,9
ENSG00000140307,7
ENSG00000140319,1
ENSG00000140332,5
ENSG00000140350,8
ENSG00000140367,1
ENSG00000140368,8
ENSG00000140374,3
ENSG00000140379,5
ENSG00000140386,8
ENSG00000140391,5
ENSG00000140395,8
ENSG00000140396,10
ENSG00000140400,8
ENSG00000140416,3
ENSG00000140443,2
ENSG00000140450,2
ENSG00000140455,8
ENSG00000140471,2
ENSG00000140474,8
ENSG00000140479,9
ENSG00000140497,0
ENSG00000140521,8
ENSG00000140553,7
ENSG00000140563,5
ENSG00000140564,1
ENSG00000140575,0
ENSG00000140598,5
ENSG00000140612,8
ENSG00000140632,10
ENSG00000140678,8
ENSG00000140682,7
ENSG00000140694,8
ENSG00000140740,0
ENSG00000140749,8
ENSG00000140750,8
ENSG00000140829,8
ENSG00000140830,10
ENSG00000140848,10
ENSG00000140853,0
ENSG00000140854,10
ENSG00000140859,1
ENSG00000140931,10
ENSG00000140932,2
ENSG00000140941,9
ENSG00000140943,5
ENSG00000140968,5
ENSG00000140983,0
ENSG00000140988,9
ENSG00000140990,8
ENSG00000140995,5
ENSG00000141002,0
ENSG00000141027,3
ENSG00000141030,7
ENSG00000141068,7
ENSG00000141076,8
ENSG00000141101,5
ENSG00000141127,2
ENSG00000141141,2
ENSG00000141179,2
ENSG00000141198,10
ENSG00000141279,7
ENSG00000141293,0
ENSG00000141298,10
ENSG00000141367,7
ENSG00000141376,2
ENSG00000141380,2
ENSG00000141385,5
ENSG00000141401,2
ENSG00000141429,7
ENSG00000141446,2
ENSG00000141452,7
ENSG00000141458,5
ENSG00000141480,0
ENSG00000141503,1
ENSG00000141504,5
ENSG00000141506,5
ENSG00000141522,2
ENSG00000141524,0
ENSG00000141543,8
ENSG00000141551,5
ENSG00000141552,10
ENSG00000141556,8
ENSG00000141562,8
ENSG00000141580,10
ENSG00000141627,10
ENSG00000141644,8
ENSG00000141699,5
ENSG00000141759,7
ENSG00000141867,7
ENSG00000141959,7
ENSG00000141968,8
ENSG00000141971,5
ENSG00000141985,5
ENSG00000142002,2
ENSG00000142046,1
ENSG00000142089,10
ENSG00000142102,8
ENSG00000142166,8
ENSG00000142168,4
ENSG00000142186,8
ENSG00000142188,5
ENSG00000142192,7
ENSG00000142197,5
ENSG00000142208,7
ENSG00000142227,9
ENSG00000142230,8
ENSG00000142327,7
ENSG00000142347,4
ENSG00000142459,2
ENSG00000142507,0
ENSG00000142534,9
ENSG00000142541,3
ENSG00000142546,0
ENSG00000142634,0
ENSG00000142657,9
ENSG00000142669,6
ENSG00000142676,4
ENSG00000142687,5
ENSG00000142694,2
ENSG00000142765,0
ENSG00000142794,2
ENSG00000142856,9
ENSG00000142864,0
ENSG00000142875,7
ENSG00000142892,2
ENSG00000142937,4
ENSG00000142949,2
ENSG00000142961,2
ENSG00000143033,8
ENSG00000143093,5
ENSG00000143106,0
ENSG00000143110,0
ENSG00000143119,0
ENSG00000143149,10
ENSG00000143155,5
ENSG00000143156,2
ENSG00000143157,2
ENSG00000143158,7
ENSG00000143162,7
ENSG00000143164,7
ENSG00000143183,5
ENSG00000143190,2
ENSG00000143198,10
ENSG00000143207,0
ENSG00000143222,10
ENSG00000143224,5
ENSG00000143226,10
ENSG00000143252,5
ENSG00000143258,5
ENSG00000143294,10
ENSG00000143314,5
ENSG00000143321,7
ENSG00000143324,2
ENSG00000143337,5
ENSG00000143353,1
ENSG00000143363,1
ENSG00000143368,8
ENSG00000143374,5
ENSG00000143384,5
ENSG00000143393,8
ENSG00000143401,5
ENSG00000143409,9
ENSG00000143416,5
ENSG00000143418,9
ENSG00000143437,10
ENSG00000143466,5
ENSG00000143486,8
ENSG00000143499,1
ENSG00000143514,10
ENSG00000143515,2
ENSG00000143537,5
ENSG00000143543,1
ENSG00000143545,7
ENSG00000143546,4
ENSG00000143549,3
ENSG00000143553,10
ENSG00000143554,5
ENSG00000143569,0
ENSG00000143575,8
ENSG00000143595,7
ENSG00000143612,7
ENSG00000143621,0
ENSG00000143622,7
ENSG00000143624,5
ENSG00000143641,2
ENSG00000143643,5
ENSG00000143653,8
ENSG00000143669,0
ENSG00000143702,2
ENSG00000143727,1
ENSG00000143742,10
ENSG00000143748,5
ENSG00000143761,3
ENSG00000143771,5
ENSG00000143774,1
ENSG00000143776,10
ENSG00000143797,7
ENSG00000143799,0
ENSG00000143815,0
ENSG00000143851,5
ENSG00000143870,0
ENSG00000143889,7
ENSG00000143891,10
ENSG00000143924,8
ENSG00000143933,9
ENSG00000143947,9
ENSG00000143952,2
ENSG00000143977,8
ENSG00000143995,9
ENSG00000144021,5
ENSG00000144028,0
ENSG00000144029,8
ENSG00000144034,8
ENSG00000144048,5
ENSG00000144118,10
ENSG00000144134,2
ENSG00000144136,5
ENSG00000144224,1
ENSG00000144283,2
ENSG00000144357,5
ENSG00000144381,0
ENSG00000144455,2
ENSG00000144468,10
ENSG00000144560,10
ENSG00000144566,10
ENSG00000144567,2
ENSG00000144579,2
ENSG00000144589,5
ENSG00000144591,5
ENSG00000144635,10
ENSG00000144649,10
ENSG00000144674,0
ENSG00000144677,3
ENSG00000144713,4
ENSG00000144744,0
ENSG00000144746,9
ENSG00000144747,10
ENSG00000144802,5
ENSG00000144815,5
ENSG00000144848,0
ENSG00000144893,2
ENSG00000144895,8
ENSG00000144909,5
ENSG00000145012,10
ENSG00000145016,2
ENSG00000145022,2
ENSG00000145088,8
ENSG00000145191,8
ENSG00000145214,5
ENSG00000145216,7
ENSG00000145220,5
ENSG00000145241,8
ENSG00000145247,8
ENSG00000145287,0
ENSG00000145332,2
ENSG00000145335,3
ENSG00000145348,5
ENSG00000145349,2
ENSG00000145425,9
ENSG00000145431,10
ENSG00000145494,10
ENSG00000145495,1
ENSG00000145569,5
ENSG00000145592,4
ENSG00000145649,8
ENSG00000145675,0
ENSG00000145685,2
ENSG00000145687,1
ENSG00000145703,3
ENSG00000145715,2
ENSG00000145725,8
ENSG00000145730,2
ENSG00000145734,0
ENSG00000145740,10
ENSG00000145741,4
ENSG00000145781,5
ENSG00000145817,5
ENSG00000145819,8
ENSG00000145833,0
ENSG00000145860,2
ENSG00000145868,5
ENSG00000145901,10
ENSG00000145907,8
ENSG00000145916,2
ENSG00000145979,2
ENSG00000145982,10
ENSG00000145996,2
ENSG00000146007,10
ENSG00000146067,5
ENSG00000146070,5
ENSG00000146094,10
ENSG00000146112,2
ENSG00000146192,5
ENSG00000146223,5
ENSG00000146247,7
ENSG00000146278,8
ENSG00000146282,0
ENSG00000146376,3
ENSG00000146386,2
ENSG00000146414,5
ENSG00000146416,10
ENSG00000146425,8
ENSG00000146457,2
ENSG00000146463,2
ENSG00000146535,10
ENSG00000146540,7
ENSG00000146701,0
ENSG00000146729,8
ENSG00000146731,0
ENSG00000146834,1
ENSG00000146858,2
ENSG00000146859,7
ENSG00000146872,2
ENSG00000146918,5
ENSG00000146963,2
ENSG00000147010,4
ENSG00000147036,10
ENSG00000147050,2
ENSG00000147065,3
ENSG00000147099,7
ENSG00000147123,8
ENSG00000147140,7
ENSG00000147162,8
ENSG00000147168,4
ENSG00000147202,8
ENSG00000147251,0
ENSG00000147274,0
ENSG00000147394,3
ENSG00000147400,7
ENSG00000147403,9
ENSG00000147416,0
ENSG00000147419,2
ENSG00000147443,1
ENSG00000147454,5
ENSG00000147457,5
ENSG00000147459,10
ENSG00000147471,8
ENSG00000147526,7
ENSG00000147533,10
ENSG00000147535,10
ENSG00000147548,10
ENSG00000147601,8
ENSG00000147604,9
ENSG00000147649,4
ENSG00000147650,10
ENSG00000147677,4
ENSG00000147684,0
ENSG00000147687,5
ENSG00000147804,2
ENSG00000147813,5
ENSG00000147853,7
ENSG00000147854,10
ENSG00000147862,7
ENSG00000147872,5
ENSG00000147874,2
ENSG00000147894,5
ENSG00000147905,5
ENSG00000148019,5
ENSG00000148110,5
ENSG00000148120,2
ENSG00000148175,9
ENSG00000148180,3
ENSG00000148218,5
ENSG00000148229,2
ENSG00000148248,2
ENSG00000148290,0
ENSG00000148303,4
ENSG00000148308,8
ENSG00000148334,5
ENSG00000148337,8
ENSG00000148341,8
ENSG00000148343,2
ENSG00000148346,3
ENSG00000148356,5
ENSG00000148362,8
ENSG00000148396,5
ENSG00000148399,5
ENSG00000148426,2
ENSG00000148450,2
ENSG00000148481,2
ENSG00000148484,6
ENSG00000148488,10
ENSG00000148498,9
ENSG00000148634,8
ENSG00000148672,0
ENSG00000148688,5
ENSG00000148690,7
ENSG00000148700,3
ENSG00000148719,5
ENSG00000148730,2
ENSG00000148834,3
ENSG00000148843,5
ENSG00000148908,6
ENSG00000149084,10
ENSG00000149089,2
ENSG00000149091,7
ENSG00000149100,0
ENSG00000149131,2
ENSG00000149136,5
ENSG00000149177,7
ENSG00000149179,10
ENSG00000149182,10
ENSG00000149187,5
ENSG00000149196,5
ENSG00000149218,10
ENSG00000149231,10
ENSG00000149243,2
ENSG00000149262,5
ENSG00000149269,8
ENSG00000149273,3
ENSG00000149308,10
ENSG00000149311,0
ENSG00000149357,3
ENSG00000149418,5
ENSG00000149476,2
ENSG00000149480,5
ENSG00000149485,10
ENSG00000149499,5
ENSG00000149531,2
ENSG00000149547,5
ENSG00000149564,3
ENSG00000149577,5
ENSG00000149600,9
ENSG00000149781,6
ENSG00000149806,4
ENSG00000149823,5
ENSG00000149923,7
ENSG00000149925,6
ENSG00000149932,3
ENSG00000150045,8
ENSG00000150054,10
ENSG00000150076,10
ENSG00000150093,3
ENSG00000150316,8
ENSG00000150347,5
ENSG00000150403,10
ENSG00000150459,7
ENSG00000150593,7
ENSG00000150637,1
ENSG00000150681,6
ENSG00000150712,1
ENSG00000150753,0
ENSG00000150768,5
ENSG00000150867,9
ENSG00000150961,5
ENSG00000150977,10
ENSG00000150991,7
ENSG00000150995,10
ENSG00000151023,9
ENSG00000151090,10
ENSG00000151092,8
ENSG00000151136,2
ENSG00000151148,7
ENSG00000151150,2
ENSG00000151247,10
ENSG00000151292,2
ENSG00000151327,7
ENSG00000151348,5
ENSG00000151414,7
ENSG00000151422,10
ENSG00000151445,5
ENSG00000151461,10
ENSG00000151465,8
ENSG00000151466,9
ENSG00000151498,2
ENSG00000151500,8
ENSG00000151502,10
ENSG00000151553,2
ENSG00000151575,10
ENSG00000151651,8
ENSG00000151657,8
ENSG00000151665,2
ENSG00000151690,10
ENSG00000151693,1
ENSG00000151694,5
ENSG00000151702,1
ENSG00000151725,10
ENSG00000151726,5
ENSG00000151743,10
ENSG00000151748,1
ENSG00000151779,7
ENSG00000151789,7
ENSG00000151838,1
ENSG00000151883,0
ENSG00000151893,2
ENSG00000151923,5
ENSG00000152061,3
ENSG00000152127,2
ENSG00000152128,2
ENSG00000152229,9
ENSG00000152234,4
ENSG00000152240,8
ENSG00000152256,7
ENSG00000152270,5
ENSG00000152291,10
ENSG00000152332,2
ENSG00000152404,8
ENSG00000152457,5
ENSG00000152484,7
ENSG00000152492,5
ENSG00000152518,5
ENSG00000152556,10
ENSG00000152558,7
ENSG00000152601,3
ENSG00000152620,2
ENSG00000152642,2
ENSG00000152700,5
ENSG00000152795,0
ENSG00000152804,2
ENSG00000152818,1
ENSG00000152942,5
ENSG00000152952,7
ENSG00000153006,2
ENSG00000153015,8
ENSG00000153046,10
ENSG00000153064,9
ENSG00000153066,5
ENSG00000153071,3
ENSG00000153113,4
ENSG00000153147,1
ENSG00000153162,1
ENSG00000153187,4
ENSG00000153201,5
ENSG00000153207,10
ENSG00000153214,2
ENSG00000153250,0
ENSG00000153283,8
ENSG00000153310,0
ENSG00000153317,9
ENSG00000153339,8
ENSG00000153347,7
ENSG00000153395,5
ENSG00000153551,5
ENSG00000153560,2
ENSG00000153561,10
ENSG00000153574,8
ENSG00000153774,5
ENSG00000153786,8
ENSG00000153815,7
ENSG00000153827,1
ENSG00000153914,0
ENSG00000153922,0
ENSG00000154001,2
ENSG00000154027,5
ENSG00000154122,10
ENSG00000154127,10
ENSG00000154144,8
ENSG00000154146,9
ENSG00000154174,5
ENSG00000154188,7
ENSG00000154217,0
ENSG00000154222,2
ENSG00000154265,5
ENSG00000154305,8
ENSG00000154310,7
ENSG00000154359,7
ENSG00000154451,8
ENSG00000154473,0
ENSG00000154518,8
ENSG00000154582,8
ENSG00000154620,2
ENSG00000154719,5
ENSG00000154723,1
ENSG00000154767,5
ENSG00000154781,8
ENSG00000154814,5
ENSG00000154832,8
ENSG00000154845,8
ENSG00000154889,5
ENSG00000154917,10
ENSG00000154930,8
ENSG00000154978,2
ENSG00000155085,10
ENSG00000155090,5
ENSG00000155096,9
ENSG00000155097,8
ENSG00000155099,9
ENSG00000155115,1
ENSG00000155158,1
ENSG00000155189,2
ENSG00000155229,8
ENSG00000155307,5
ENSG00000155313,0
ENSG00000155363,5
ENSG00000155366,10
ENSG00000155368,8
ENSG00000155463,8
ENSG00000155465,8
ENSG00000155506,2
ENSG00000155508,8
ENSG00000155561,5
ENSG00000155629,8
ENSG00000155657,8
ENSG00000155660,8
ENSG00000155729,2
ENSG00000155744,2
ENSG00000155749,2
ENSG00000155827,8
ENSG00000155849,7
ENSG00000155903,8
ENSG00000155926,10
ENSG00000155959,2
ENSG00000155975,10
ENSG00000155984,7
ENSG00000156011,10
ENSG00000156026,10
ENSG00000156052,7
ENSG00000156110,8
ENSG00000156136,7
ENSG00000156170,2
ENSG00000156171,8
ENSG00000156206,1
ENSG00000156256,0
ENSG00000156261,4
ENSG00000156265,6
ENSG00000156304,8
ENSG00000156381,1
ENSG00000156411,7
ENSG00000156467,0
ENSG00000156471,0
ENSG00000156482,8
ENSG00000156504,10
ENSG00000156508,6
ENSG00000156515,3
ENSG00000156535,2
ENSG00000156587,10
ENSG00000156599,5
ENSG00000156639,2
ENSG00000156642,9
ENSG00000156650,5
ENSG00000156689,2
ENSG00000156709,5
ENSG00000156738,0
ENSG00000156787,5
ENSG00000156802,5
ENSG00000156858,2
ENSG00000156860,2
ENSG00000156873,5
ENSG00000156875,10
ENSG00000156931,7
ENSG00000156958,2
ENSG00000156973,5
ENSG00000156976,7
ENSG00000156990,5
ENSG00000157020,8
ENSG00000157045,1
ENSG00000157106,5
ENSG00000157107,2
ENSG00000157181,5
ENSG00000157191,0
ENSG00000157193,2
ENSG00000157216,10
ENSG00000157303,7
ENSG00000157500,7
ENSG00000157514,9
ENSG00000157538,10
ENSG00000157557,5
ENSG00000157570,7
ENSG00000157600,2
ENSG00000157601,8
ENSG00000157637,5
ENSG00000157837,9
ENSG00000157870,2
ENSG00000157873,10
ENSG00000157881,5
ENSG00000157916,0
ENSG00000157954,10
ENSG00000157978,9
ENSG00000158019,7
ENSG00000158050,5
ENSG00000158062,1
ENSG00000158109,10
ENSG00000158195,10
ENSG00000158201,8
ENSG00000158290,10
ENSG00000158373,2
ENSG00000158406,7
ENSG00000158411,8
ENSG00000158417,0
ENSG00000158435,5
ENSG00000158457,3
ENSG00000158473,5
ENSG00000158517,8
ENSG00000158526,2
ENSG00000158552,1
ENSG00000158560,2
ENSG00000158578,5
ENSG00000158604,10
ENSG00000158669,8
ENSG00000158710,6
ENSG00000158717,5
ENSG00000158773,5
ENSG00000158793,2
ENSG00000158796,10
ENSG00000158825,5
ENSG00000158828,2
ENSG00000158850,5
ENSG00000158856,7
ENSG00000158864,0
ENSG00000158869,9
ENSG00000158941,5
ENSG00000158985,1
ENSG00000159023,7
ENSG00000159063,5
ENSG00000159069,1
ENSG00000159086,5
ENSG00000159110,5
ENSG00000159128,8
ENSG00000159131,5
ENSG00000159140,0
ENSG00000159176,2
ENSG00000159199,5
ENSG00000159202,2
ENSG00000159210,8
ENSG00000159256,0
ENSG00000159314,5
ENSG00000159322,5
ENSG00000159335,2
ENSG00000159339,1
ENSG00000159346,3
ENSG00000159348,9
ENSG00000159352,0
ENSG00000159363,2
ENSG00000159377,8
ENSG00000159445,5
ENSG00000159459,8
ENSG00000159461,1
ENSG00000159579,8
ENSG00000159592,10
ENSG00000159593,1
ENSG00000159625,2
ENSG00000159658,7
ENSG00000159674,8
ENSG00000159692,10
ENSG00000159720,7
ENSG00000159840,3
ENSG00000159842,5
ENSG00000160013,10
ENSG00000160014,6
ENSG00000160058,7
ENSG00000160075,7
ENSG00000160087,8
ENSG00000160145,10
ENSG00000160188,2
ENSG00000160190,10
ENSG00000160201,0
ENSG00000160208,5
ENSG00000160209,5
ENSG00000160211,2
ENSG00000160213,8
ENSG00000160216,2
ENSG00000160218,10
ENSG00000160221,2
ENSG00000160255,4
ENSG00000160271,8
ENSG00000160294,5
ENSG00000160298,2
ENSG00000160299,8
ENSG00000160305,5
ENSG00000160310,1
ENSG00000160410,1
ENSG00000160445,7
ENSG00000160446,2
ENSG00000160551,1
ENSG00000160584,8
ENSG00000160593,0
ENSG00000160613,10
ENSG00000160633,0
ENSG00000160654,5
ENSG00000160688,5
ENSG00000160691,5
ENSG00000160695,5
ENSG00000160703,2
ENSG00000160710,8
ENSG00000160714,7
ENSG00000160741,8
ENSG00000160752,2
ENSG00000160789,9
ENSG00000160796,0
ENSG00000160799,8
ENSG00000160856,5
ENSG00000160883,8
ENSG00000160932,8
ENSG00000160948,9
ENSG00000160991,10
ENSG00000160999,2
ENSG00000161011,9
ENSG00000161013,9
ENSG00000161016,4
ENSG00000161057,8
ENSG00000161091,5
ENSG00000161202,2
ENSG00000161203,3
ENSG00000161204,5
ENSG00000161526,8
ENSG00000161533,5
ENSG00000161542,2
ENSG00000161547,10
ENSG00000161570,6
ENSG00000161618,5
ENSG00000161638,8
ENSG00000161813,2
ENSG00000161911,3
ENSG00000161921,10
ENSG00000161944,5
ENSG00000161999,2
ENSG00000162144,5
ENSG00000162174,2
ENSG00000162191,4
ENSG00000162231,0
ENSG00000162244,0
ENSG00000162290,8
ENSG00000162366,3
ENSG00000162368,3
ENSG00000162402,8
ENSG00000162434,9
ENSG00000162441,10
ENSG00000162496,7
ENSG00000162511,1
ENSG00000162517,2
ENSG00000162521,1
ENSG00000162585,10
ENSG00000162598,2
ENSG00000162604,2
ENSG00000162607,10
ENSG00000162613,0
ENSG00000162614,3
ENSG00000162639,5
ENSG00000162645,0
ENSG00000162654,5
ENSG00000162664,10
ENSG00000162688,5
ENSG00000162704,9
ENSG00000162722,9
ENSG00000162736,8
ENSG00000162739,5
ENSG00000162777,0
ENSG00000162819,10
ENSG00000162852,9
ENSG00000162869,8
ENSG00000162894,8
ENSG00000162909,3
ENSG00000162910,5
ENSG00000162923,7
ENSG00000162924,8
ENSG00000162929,10
ENSG00000162976,5
ENSG00000162980,7
ENSG00000163001,5
ENSG00000163029,0
ENSG00000163041,10
ENSG00000163050,2
ENSG00000163104,5
ENSG00000163110,7
ENSG00000163131,4
ENSG00000163156,10
ENSG00000163159,5
ENSG00000163161,8
ENSG00000163162,8
ENSG00000163166,5
ENSG00000163191,0
ENSG00000163219,8
ENSG00000163220,0
ENSG00000163221,5
ENSG00000163297,10
ENSG00000163320,7
ENSG00000163344,2
ENSG00000163346,9
ENSG00000163349,2
ENSG00000163359,2
ENSG00000163374,10
ENSG00000163382,8
ENSG00000163386,8
ENSG00000163399,0
ENSG00000163412,2
ENSG00000163430,1
ENSG00000163444,10
ENSG00000163453,5
ENSG00000163466,3
ENSG00000163468,0
ENSG00000163479,0
ENSG00000163510,8
ENSG00000163512,2
ENSG00000163513,8
ENSG00000163516,5
ENSG00000163519,5
ENSG00000163527,0
ENSG00000163536,2
ENSG00000163539,5
ENSG00000163541,8
ENSG00000163563,4
ENSG00000163564,8
ENSG00000163565,0
ENSG00000163602,1
ENSG00000163605,2
ENSG00000163634,7
ENSG00000163636,1
ENSG00000163644,2
ENSG00000163655,7
ENSG00000163660,0
ENSG00000163681,9
ENSG00000163682,9
ENSG00000163683,5
ENSG00000163703,2
ENSG00000163714,0
ENSG00000163719,0
ENSG00000163728,5
ENSG00000163734,10
ENSG00000163735,9
ENSG00000163736,6
ENSG00000163737,6
ENSG00000163738,10
ENSG00000163743,7
ENSG00000163754,8
ENSG00000163755,5
ENSG00000163781,8
ENSG00000163798,8
ENSG00000163811,8
ENSG00000163812,10
ENSG00000163848,2
ENSG00000163872,5
ENSG00000163875,8
ENSG00000163882,2
ENSG00000163898,10
ENSG00000163902,7
ENSG00000163904,2
ENSG00000163913,2
ENSG00000163930,2
ENSG00000163931,4
ENSG00000163932,9
ENSG00000163938,8
ENSG00000163939,7
ENSG00000163946,8
ENSG00000163947,10
ENSG00000163950,7
ENSG00000163956,8
ENSG00000163960,2
ENSG00000163961,10
ENSG00000164022,8
ENSG00000164024,2
ENSG00000164031,2
ENSG00000164032,1
ENSG00000164054,8
ENSG00000164062,8
ENSG00000164068,5
ENSG00000164081,5
ENSG00000164088,10
ENSG00000164091,5
ENSG00000164096,1
ENSG00000164104,0
ENSG00000164111,4
ENSG00000164116,9
ENSG00000164118,10
ENSG00000164120,10
ENSG00000164134,8
ENSG00000164163,5
ENSG00000164164,5
ENSG00000164167,5
ENSG00000164171,10
ENSG00000164181,9
ENSG00000164190,0
ENSG00000164252,8
ENSG00000164253,10
ENSG00000164258,10
ENSG00000164305,10
ENSG00000164306,7
ENSG00000164307,5
ENSG00000164308,5
ENSG00000164327,5
ENSG00000164329,0
ENSG00000164331,5
ENSG00000164332,8
ENSG00000164346,8
ENSG00000164463,10
ENSG00000164483,8
ENSG00000164506,10
ENSG00000164543,0
ENSG00000164548,8
ENSG00000164574,2
ENSG00000164587,9
ENSG00000164597,5
ENSG00000164609,7
ENSG00000164654,5
ENSG00000164659,2
ENSG00000164674,5
ENSG00000164691,5
ENSG00000164733,0
ENSG00000164754,10
ENSG00000164808,5
ENSG00000164815,5
ENSG00000164828,5
ENSG00000164830,8
ENSG00000164880,8
ENSG00000164889,5
ENSG00000164896,8
ENSG00000164919,4
ENSG00000164924,3
ENSG00000164934,5
ENSG00000164941,8
ENSG00000164944,5
ENSG00000164961,8
ENSG00000164975,5
ENSG00000164985,1
ENSG00000165006,10
ENSG00000165025,1
ENSG00000165071,8
ENSG00000165102,5
ENSG00000165113,2
ENSG00000165119,3
ENSG00000165140,5
ENSG00000165168,8
ENSG00000165169,10
ENSG00000165178,5
ENSG00000165209,0
ENSG00000165219,10
ENSG00000165233,9
ENSG00000165244,10
ENSG00000165264,8
ENSG00000165280,1
ENSG00000165283,8
ENSG00000165288,10
ENSG00000165309,7
ENSG00000165359,5
ENSG00000165406,2
ENSG00000165416,8
ENSG00000165417,2
ENSG00000165434,10
ENSG00000165458,10
ENSG00000165475,1
ENSG00000165476,10
ENSG00000165487,8
ENSG00000165494,5
ENSG00000165516,0
ENSG00000165525,9
ENSG00000165609,5
ENSG00000165629,4
ENSG00000165637,7
ENSG00000165646,7
ENSG00000165669,10
ENSG00000165671,10
ENSG00000165672,8
ENSG00000165678,7
ENSG00000165682,9
ENSG00000165688,5
ENSG00000165702,9
ENSG00000165704,5
ENSG00000165732,8
ENSG00000165733,5
ENSG00000165775,10
ENSG00000165782,2
ENSG00000165792,5
ENSG00000165802,5
ENSG00000165813,5
ENSG00000165914,9
ENSG00000165916,8
ENSG00000165929,1
ENSG00000165934,10
ENSG00000165948,2
ENSG00000165949,5
ENSG00000165959,7
ENSG00000165970,2
ENSG00000166004,2
ENSG00000166012,8
ENSG00000166035,7
ENSG00000166037,8
ENSG00000166086,7
ENSG00000166091,9
ENSG00000166128,10
ENSG00000166140,5
ENSG00000166164,0
ENSG00000166165,2
ENSG00000166171,10
ENSG00000166181,8
ENSG00000166197,5
ENSG00000166199,5
ENSG00000166200,10
ENSG00000166226,0
ENSG00000166266,8
ENSG00000166295,8
ENSG00000166311,2
ENSG00000166313,5
ENSG00000166337,9
ENSG00000166340,9
ENSG00000166377,2
ENSG00000166411,5
ENSG00000166428,5
ENSG00000166441,4
ENSG00000166452,2
ENSG00000166477,5
ENSG00000166478,5
ENSG00000166479,5
ENSG00000166483,10
ENSG00000166501,3
ENSG00000166508,8
ENSG00000166523,5
ENSG00000166557,10
ENSG00000166562,8
ENSG00000166579,8
ENSG00000166595,10
ENSG00000166598,4
ENSG00000166681,9
ENSG00000166685,5
ENSG00000166710,6
ENSG00000166734,10
ENSG00000166747,10
ENSG00000166783,2
ENSG00000166794,8
ENSG00000166797,8
ENSG00000166825,5
ENSG00000166831,10
ENSG00000166848,10
ENSG00000166855,5
ENSG00000166887,10
ENSG00000166888,0
ENSG00000166900,5
ENSG00000166912,10
ENSG00000166913,4
ENSG00000166925,2
ENSG00000166927,8
ENSG00000166938,5
ENSG00000166946,1
ENSG00000166963,2
ENSG00000166974,1
ENSG00000166979,10
ENSG00000166986,0
ENSG00000167004,9
ENSG00000167005,10
ENSG00000167077,5
ENSG00000167081,10
ENSG00000167085,5
ENSG00000167088,8
ENSG00000167100,7
ENSG00000167110,10
ENSG00000167112,2
ENSG00000167113,10
ENSG00000167114,2
ENSG00000167210,10
ENSG00000167220,2
ENSG00000167257,2
ENSG00000167261,5
ENSG00000167283,1
ENSG00000167286,8
ENSG00000167315,8
ENSG00000167323,10
ENSG00000167325,5
ENSG00000167460,3
ENSG00000167461,1
ENSG00000167468,3
ENSG00000167483,5
ENSG00000167491,10
ENSG00000167522,7
ENSG00000167526,3
ENSG00000167543,5
ENSG00000167552,8
ENSG00000167553,10
ENSG00000167613,5
ENSG00000167632,7
ENSG00000167641,1
ENSG00000167642,1
ENSG00000167645,1
ENSG00000167657,2
ENSG00000167658,4
ENSG00000167671,7
ENSG00000167674,8
ENSG00000167699,8
ENSG00000167703,5
ENSG00000167705,10
ENSG00000167740,10
ENSG00000167770,0
ENSG00000167778,5
ENSG00000167792,8
ENSG00000167797,8
ENSG00000167815,8
ENSG00000167851,8
ENSG00000167863,8
ENSG00000167881,8
ENSG00000167895,8
ENSG00000167972,10
ENSG00000167978,0
ENSG00000167986,0
ENSG00000167996,9
ENSG00000168002,1
ENSG00000168003,0
ENSG00000168010,0
ENSG00000168028,4
ENSG00000168036,8
ENSG00000168056,5
ENSG00000168066,0
ENSG00000168067,9
ENSG00000168071,8
ENSG00000168090,0
ENSG00000168118,9
ENSG00000168137,2
ENSG00000168159,5
ENSG00000168172,1
ENSG00000168175,10
ENSG00000168209,5
ENSG00000168214,0
ENSG00000168216,7
ENSG00000168234,5
ENSG00000168256,2
ENSG00000168259,0
ENSG00000168288,8
ENSG00000168291,8
ENSG00000168297,7
ENSG00000168300,1
ENSG00000168310,7
ENSG00000168374,7
ENSG00000168385,9
ENSG00000168394,0
ENSG00000168395,2
ENSG00000168397,8
ENSG00000168404,5
ENSG00000168405,7
ENSG00000168438,8
ENSG00000168439,0
ENSG00000168461,3
ENSG00000168488,2
ENSG00000168497,9
ENSG00000168522,5
ENSG00000168538,5
ENSG00000168566,10
ENSG00000168610,1
ENSG00000168615,1
ENSG00000168653,7
ENSG00000168685,8
ENSG00000168710,10
ENSG00000168724,10
ENSG00000168734,10
ENSG00000168765,7
ENSG00000168785,10
ENSG00000168818,2
ENSG00000168827,5
ENSG00000168883,1
ENSG00000168884,2
ENSG00000168894,10
ENSG00000168899,2
ENSG00000168904,7
ENSG00000168906,5
ENSG00000168918,8
ENSG00000168944,5
ENSG00000168958,1
ENSG00000168961,5
ENSG00000168994,2
ENSG00000169019,5
ENSG00000169020,8
ENSG00000169032,8
ENSG00000169045,0
ENSG00000169057,2
ENSG00000169062,7
ENSG00000169093,5
ENSG00000169100,4
ENSG00000169129,10
ENSG00000169180,8
ENSG00000169189,8
ENSG00000169217,5
ENSG00000169220,8
ENSG00000169223,0
ENSG00000169230,8
ENSG00000169241,7
ENSG00000169246,5
ENSG00000169247,10
ENSG00000169249,8
ENSG00000169251,8
ENSG00000169299,5
ENSG00000169313,7
ENSG00000169371,5
ENSG00000169375,5
ENSG00000169398,9
ENSG00000169429,5
ENSG00000169490,7
ENSG00000169504,7
ENSG00000169554,10
ENSG00000169567,0
ENSG00000169583,8
ENSG00000169599,8
ENSG00000169621,2
ENSG00000169660,5
ENSG00000169696,5
ENSG00000169704,1
ENSG00000169714,0
ENSG00000169718,0
ENSG00000169727,8
ENSG00000169738,8
ENSG00000169756,6
ENSG00000169762,2
ENSG00000169764,1
ENSG00000169813,2
ENSG00000169826,5
ENSG00000169891,7
ENSG00000169895,8
ENSG00000169896,0
ENSG00000169919,0
ENSG00000169925,7
ENSG00000169967,10
ENSG00000170004,0
ENSG00000170006,5
ENSG00000170017,2
ENSG00000170035,9
ENSG00000170037,10
ENSG00000170043,9
ENSG00000170100,10
ENSG00000170113,2
ENSG00000170144,0
ENSG00000170242,1
ENSG00000170248,0
ENSG00000170266,10
ENSG00000170271,9
ENSG00000170275,7
ENSG00000170291,5
ENSG00000170310,8
ENSG00000170315,7
ENSG00000170322,5
ENSG00000170345,5
ENSG00000170348,8
ENSG00000170365,2
ENSG00000170445,8
ENSG00000170471,5
ENSG00000170515,8
ENSG00000170525,2
ENSG00000170542,2
ENSG00000170571,5
ENSG00000170581,8
ENSG00000170606,0
ENSG00000170633,2
ENSG00000170634,2
ENSG00000170638,5
ENSG00000170759,1
ENSG00000170776,7
ENSG00000170802,2
ENSG00000170832,10
ENSG00000170860,8
ENSG00000170866,5
ENSG00000170873,10
ENSG00000170876,5
ENSG00000170889,4
ENSG00000170906,10
ENSG00000171033,2
ENSG00000171055,2
ENSG00000171100,2
ENSG00000171148,1
ENSG00000171159,7
ENSG00000171161,2
ENSG00000171163,5
ENSG00000171204,2
ENSG00000171206,2
ENSG00000171298,5
ENSG00000171314,10
ENSG00000171490,0
ENSG00000171497,8
ENSG00000171530,8
ENSG00000171552,10
ENSG00000171566,8
ENSG00000171603,5
ENSG00000171608,8
ENSG00000171611,1
ENSG00000171634,7
ENSG00000171681,10
ENSG00000171700,8
ENSG00000171720,10
ENSG00000171735,9
ENSG00000171824,8
ENSG00000171843,10
ENSG00000171853,2
ENSG00000171858,4
ENSG00000171862,8
ENSG00000171863,4
ENSG00000171928,10
ENSG00000171988,0
ENSG00000172037,2
ENSG00000172046,5
ENSG00000172053,0
ENSG00000172057,2
ENSG00000172115,10
ENSG00000172159,7
ENSG00000172164,10
ENSG00000172172,5
ENSG00000172175,8
ENSG00000172183,8
ENSG00000172239,8
ENSG00000172243,5
ENSG00000172262,2
ENSG00000172269,5
ENSG00000172270,1
ENSG00000172273,2
ENSG00000172322,5
ENSG00000172340,5
ENSG00000172349,0
ENSG00000172354,8
ENSG00000172375,2
ENSG00000172426,10
ENSG00000172428,2
ENSG00000172432,1
ENSG00000172466,10
ENSG00000172493,2
ENSG00000172500,0
ENSG00000172531,4
ENSG00000172543,9
ENSG00000172572,2
ENSG00000172575,5
ENSG00000172578,10
ENSG00000172661,8
ENSG00000172663,8
ENSG00000172667,2
ENSG00000172725,7
ENSG00000172732,5
ENSG00000172757,9
ENSG00000172766,8
ENSG00000172775,7
ENSG00000172785,2
ENSG00000172794,9
ENSG00000172795,10
ENSG00000172809,4
ENSG00000172819,2
ENSG00000172831,5
ENSG00000172845,2
ENSG00000172869,8
ENSG00000172889,1
ENSG00000172890,8
ENSG00000172893,2
ENSG00000172915,2
ENSG00000172922,2
ENSG00000172927,10
ENSG00000172932,8
ENSG00000172936,5
ENSG00000172939,5
ENSG00000172977,5
ENSG00000172992,2
ENSG00000173020,4
ENSG00000173039,2
ENSG00000173064,2
ENSG00000173083,10
ENSG00000173085,2
ENSG00000173113,8
ENSG00000173145,5
ENSG00000173193,8
ENSG00000173209,8
ENSG00000173210,1
ENSG00000173221,8
ENSG00000173226,5
ENSG00000173230,10
ENSG00000173264,10
ENSG00000173273,5
ENSG00000173327,2
ENSG00000173418,5
ENSG00000173442,5
ENSG00000173473,7
ENSG00000173486,8
ENSG00000173535,5
ENSG00000173542,10
ENSG00000173545,5
ENSG00000173559,5
ENSG00000173575,4
ENSG00000173598,2
ENSG00000173660,9
ENSG00000173674,10
ENSG00000173692,0
ENSG00000173726,8
ENSG00000173744,8
ENSG00000173757,7
ENSG00000173812,6
ENSG00000173821,0
ENSG00000173846,5
ENSG00000173852,7
ENSG00000173905,2
ENSG00000173915,7
ENSG00000173960,7
ENSG00000173992,10
ENSG00000174021,7
ENSG00000174083,2
ENSG00000174099,7
ENSG00000174175,9
ENSG00000174231,7
ENSG00000174238,8
ENSG00000174243,5
ENSG00000174365,2
ENSG00000174437,2
ENSG00000174442,2
ENSG00000174444,9
ENSG00000174456,10
ENSG00000174485,10
ENSG00000174501,0
ENSG00000174547,5
ENSG00000174574,7
ENSG00000174695,2
ENSG00000174718,5
ENSG00000174720,8
ENSG00000174738,2
ENSG00000174744,8
ENSG00000174748,9
ENSG00000174780,0
ENSG00000174788,10
ENSG00000174799,10
ENSG00000174837,10
ENSG00000174844,2
ENSG00000174851,5
ENSG00000174891,7
ENSG00000174915,2
ENSG00000174953,0
ENSG00000175029,5
ENSG00000175054,5
ENSG00000175061,8
ENSG00000175063,2
ENSG00000175115,7
ENSG00000175155,10
ENSG00000175161,2
ENSG00000175166,1
ENSG00000175193,8
ENSG00000175203,1
ENSG00000175215,10
ENSG00000175216,10
ENSG00000175220,2
ENSG00000175221,7
ENSG00000175224,10
ENSG00000175294,2
ENSG00000175309,0
ENSG00000175324,1
ENSG00000175334,2
ENSG00000175348,7
ENSG00000175354,0
ENSG00000175387,9
ENSG00000175390,4
ENSG00000175416,10
ENSG00000175455,2
ENSG00000175463,0
ENSG00000175467,8
ENSG00000175470,7
ENSG00000175471,9
ENSG00000175550,7
ENSG00000175567,3
ENSG00000175575,5
ENSG00000175581,5
ENSG00000175582,9
ENSG00000175606,7
ENSG00000175634,10
ENSG00000175662,2
ENSG00000175727,10
ENSG00000175756,8
ENSG00000175792,5
ENSG00000175826,2
ENSG00000175854,1
ENSG00000175931,10
ENSG00000175984,10
ENSG00000176108,7
ENSG00000176124,2
ENSG00000176170,7
ENSG00000176171,2
ENSG00000176261,10
ENSG00000176390,8
ENSG00000176393,8
ENSG00000176407,10
ENSG00000176444,5
ENSG00000176463,10
ENSG00000176476,5
ENSG00000176542,2
ENSG00000176623,8
ENSG00000176783,6
ENSG00000176853,5
ENSG00000176871,10
ENSG00000176915,10
ENSG00000176953,2
ENSG00000176978,0
ENSG00000176986,8
ENSG00000177030,2
ENSG00000177076,2
ENSG00000177119,9
ENSG00000177156,3
ENSG00000177189,10
ENSG00000177200,1
ENSG00000177239,5
ENSG00000177324,9
ENSG00000177359,7
ENSG00000177370,2
ENSG00000177410,1
ENSG00000177455,5
ENSG00000177479,10
ENSG00000177556,2
ENSG00000177565,7
ENSG00000177575,5
ENSG00000177600,4
ENSG00000177628,5
ENSG00000177646,5
ENSG00000177663,2
ENSG00000177666,5
ENSG00000177674,10
ENSG00000177697,1
ENSG00000177728,5
ENSG00000177731,9
ENSG00000177830,5
ENSG00000177868,10
ENSG00000177879,10
ENSG00000177885,1
ENSG00000177889,8
ENSG00000177917,2
ENSG00000177954,3
ENSG00000177963,10
ENSG00000177981,10
ENSG00000178028,5
ENSG00000178035,8
ENSG00000178057,9
ENSG00000178104,8
ENSG00000178105,8
ENSG00000178234,5
ENSG00000178381,7
ENSG00000178425,8
ENSG00000178467,5
ENSG00000178537,2
ENSG00000178585,2
ENSG00000178605,5
ENSG00000178685,5
ENSG00000178691,10
ENSG00000178741,0
ENSG00000178852,7
ENSG00000178896,2
ENSG00000178927,10
ENSG00000178950,0
ENSG00000178952,0
ENSG00000178971,5
ENSG00000178980,1
ENSG00000178982,4
ENSG00000179051,2
ENSG00000179091,8
ENSG00000179115,8
ENSG00000179134,2
ENSG00000179218,5
ENSG00000179222,5
ENSG00000179262,0
ENSG00000179295,10
ENSG00000179335,0
ENSG00000179344,5
ENSG00000179348,2
ENSG00000179361,2
ENSG00000179364,10
ENSG00000179526,1
ENSG00000179583,5
ENSG00000179632,1
ENSG00000179889,8
ENSG00000179912,2
ENSG00000179950,0
ENSG00000180098,2
ENSG00000180104,2
ENSG00000180182,5
ENSG00000180190,10
ENSG00000180233,10
ENSG00000180304,8
ENSG00000180353,4
ENSG00000180354,9
ENSG00000180370,8
ENSG00000180376,8
ENSG00000180448,9
ENSG00000180573,3
ENSG00000180596,1
ENSG00000180628,9
ENSG00000180644,5
ENSG00000180694,10
ENSG00000180773,5
ENSG00000180776,5
ENSG00000180817,8
ENSG00000180879,9
ENSG00000180957,8
ENSG00000181016,2
ENSG00000181036,5
ENSG00000181061,1
ENSG00000181090,8
ENSG00000181104,10
ENSG00000181163,4
ENSG00000181381,8
ENSG00000181458,2
ENSG00000181555,10
ENSG00000181704,10
ENSG00000181789,0
ENSG00000181804,10
ENSG00000181929,5
ENSG00000182048,2
ENSG00000182054,7
ENSG00000182087,8
ENSG00000182093,1
ENSG00000182117,2
ENSG00000182134,5
ENSG00000182149,10
ENSG00000182150,5
ENSG00000182165,2
ENSG00000182173,5
ENSG00000182179,1
ENSG00000182199,5
ENSG00000182208,10
ENSG00000182220,1
ENSG00000182287,9
ENSG00000182372,2
ENSG00000182400,2
ENSG00000182446,10
ENSG00000182463,7
ENSG00000182473,0
ENSG00000182481,5
ENSG00000182500,10
ENSG00000182511,8
ENSG00000182534,5
ENSG00000182551,1
ENSG00000182568,10
ENSG00000182578,8
ENSG00000182670,4
ENSG00000182718,4
ENSG00000182732,9
ENSG00000182866,0
ENSG00000182872,8
ENSG00000182899,4
ENSG00000182919,5
ENSG00000182923,8
ENSG00000182934,7
ENSG00000182944,4
ENSG00000182973,8
ENSG00000183011,10
ENSG00000183044,2
ENSG00000183137,2
ENSG00000183172,7
ENSG00000183207,8
ENSG00000183255,1
ENSG00000183258,10
ENSG00000183283,9
ENSG00000183291,8
ENSG00000183386,2
ENSG00000183401,5
ENSG00000183431,8
ENSG00000183486,5
ENSG00000183520,5
ENSG00000183576,10
ENSG00000183597,7
ENSG00000183621,7
ENSG00000183624,5
ENSG00000183648,8
ENSG00000183684,8
ENSG00000183688,2
ENSG00000183690,1
ENSG00000183696,8
ENSG00000183726,3
ENSG00000183735,8
ENSG00000183751,5
ENSG00000183878,5
ENSG00000183943,5
ENSG00000183963,10
ENSG00000184007,3
ENSG00000184009,3
ENSG00000184014,8
ENSG00000184076,10
ENSG00000184117,5
ENSG00000184164,5
ENSG00000184178,9
ENSG00000184203,8
ENSG00000184205,2
ENSG00000184216,2
ENSG00000184319,10
ENSG00000184432,7
ENSG00000184445,5
ENSG00000184489,2
ENSG00000184500,9
ENSG00000184575,8
ENSG00000184584,5
ENSG00000184588,5
ENSG00000184602,7
ENSG00000184613,5
ENSG00000184634,2
ENSG00000184640,0
ENSG00000184702,3
ENSG00000184708,2
ENSG00000184743,2
ENSG00000184752,8
ENSG00000184792,7
ENSG00000184840,8
ENSG00000184900,7
ENSG00000184922,8
ENSG00000184983,9
ENSG00000184990,5
ENSG00000185000,5
ENSG00000185009,5
ENSG00000185010,2
ENSG00000185015,2
ENSG00000185043,0
ENSG00000185052,7
ENSG00000185088,0
ENSG00000185104,8
ENSG00000185122,5
ENSG00000185187,8
ENSG00000185201,5
ENSG00000185215,8
ENSG00000185236,7
ENSG00000185245,2
ENSG00000185246,5
ENSG00000185305,2
ENSG00000185324,5
ENSG00000185340,1
ENSG00000185344,5
ENSG00000185359,8
ENSG00000185404,5
ENSG00000185418,10
ENSG00000185420,7
ENSG00000185475,8
ENSG00000185507,8
ENSG00000185513,2
ENSG00000185532,10
ENSG00000185621,2
ENSG00000185624,1
ENSG00000185627,7
ENSG00000185630,7
ENSG00000185651,7
ENSG00000185658,0
ENSG00000185721,8
ENSG00000185753,5
ENSG00000185787,9
ENSG00000185811,8
ENSG00000185813,5
ENSG00000185825,9
ENSG00000185896,2
ENSG00000185909,2
ENSG00000185946,8
ENSG00000185963,1
ENSG00000185989,9
ENSG00000186001,5
ENSG00000186063,10
ENSG00000186088,1
ENSG00000186111,10
ENSG00000186141,5
ENSG00000186162,10
ENSG00000186166,5
ENSG00000186184,2
ENSG00000186298,0
ENSG00000186350,5
ENSG00000186432,8
ENSG00000186470,1
ENSG00000186480,1
ENSG00000186501,2
ENSG00000186517,8
ENSG00000186566,8
ENSG00000186577,2
ENSG00000186591,1
ENSG00000186625,5
ENSG00000186635,0
ENSG00000186642,10
ENSG00000186716,1
ENSG00000186815,2
ENSG00000187010,2
ENSG00000187051,10
ENSG00000187097,2
ENSG00000187098,7
ENSG00000187109,6
ENSG00000187116,5
ENSG00000187118,8
ENSG00000187231,1
ENSG00000187239,0
ENSG00000187257,8
ENSG00000187266,10
ENSG00000187514,6
ENSG00000187522,5
ENSG00000187531,5
ENSG00000187554,10
ENSG00000187555,0
ENSG00000187653,10
ENSG00000187667,1
ENSG00000187688,5
ENSG00000187699,1
ENSG00000187735,10
ENSG00000187742,1
ENSG00000187764,1
ENSG00000187778,8
ENSG00000187800,1
ENSG00000188076,7
ENSG00000188177,10
ENSG00000188186,0
ENSG00000188191,1
ENSG00000188229,7
ENSG00000188243,0
ENSG00000188313,8
ENSG00000188352,2
ENSG00000188404,0
ENSG00000188529,10
ENSG00000188554,7
ENSG00000188559,5
ENSG00000188612,7
ENSG00000188641,1
ENSG00000188677,1
ENSG00000188690,8
ENSG00000188846,4
ENSG00000188906,8
ENSG00000188917,5
ENSG00000188921,3
ENSG00000188976,8
ENSG00000188986,2
ENSG00000189007,2
ENSG00000189043,9
ENSG00000189050,5
ENSG00000189067,8
ENSG00000189077,5
ENSG00000189079,10
ENSG00000189091,8
ENSG00000189136,2
ENSG00000189159,5
ENSG00000189306,5
ENSG00000189308,2
ENSG00000189343,4
ENSG00000189403,3
ENSG00000196072,8
ENSG00000196116,5
ENSG00000196126,0
ENSG00000196139,5
ENSG00000196151,5
ENSG00000196154,0
ENSG00000196182,1
ENSG00000196187,7
ENSG00000196189,5
ENSG00000196199,8
ENSG00000196230,10
ENSG00000196233,10
ENSG00000196235,0
ENSG00000196262,9
ENSG00000196305,8
ENSG00000196352,1
ENSG00000196353,2
ENSG00000196365,5
ENSG00000196396,2
ENSG00000196405,7
ENSG00000196407,10
ENSG00000196419,7
ENSG00000196455,5
ENSG00000196459,7
ENSG00000196498,5
ENSG00000196502,5
ENSG00000196504,4
ENSG00000196526,2
ENSG00000196531,4
ENSG00000196535,2
ENSG00000196547,7
ENSG00000196562,5
ENSG00000196565,2
ENSG00000196576,5
ENSG00000196591,0
ENSG00000196611,2
ENSG00000196628,10
ENSG00000196655,2
ENSG00000196663,2
ENSG00000196683,8
ENSG00000196684,5
ENSG00000196704,7
ENSG00000196715,2
ENSG00000196776,1
ENSG00000196781,5
ENSG00000196792,10
ENSG00000196814,2
ENSG00000196839,8
ENSG00000196843,5
ENSG00000196911,10
ENSG00000196912,8
ENSG00000196914,1
ENSG00000196923,1
ENSG00000196924,6
ENSG00000196954,7
ENSG00000196961,2
ENSG00000196975,8
ENSG00000196998,10
ENSG00000197006,7
ENSG00000197043,0
ENSG00000197070,8
ENSG00000197081,5
ENSG00000197102,0
ENSG00000197111,0
ENSG00000197122,7
ENSG00000197142,5
ENSG00000197147,10
ENSG00000197157,0
ENSG00000197170,8
ENSG00000197183,2
ENSG00000197217,5
ENSG00000197226,7
ENSG00000197249,0
ENSG00000197265,5
ENSG00000197321,7
ENSG00000197323,0
ENSG00000197324,10
ENSG00000197329,5
ENSG00000197343,2
ENSG00000197345,5
ENSG00000197386,10
ENSG00000197415,1
ENSG00000197442,1
ENSG00000197448,4
ENSG00000197451,8
ENSG00000197459,10
ENSG00000197461,7
ENSG00000197530,2
ENSG00000197535,10
ENSG00000197540,5
ENSG00000197548,5
ENSG00000197555,5
ENSG00000197563,5
ENSG00000197586,2
ENSG00000197601,2
ENSG00000197622,8
ENSG00000197635,5
ENSG00000197694,0
ENSG00000197728,4
ENSG00000197746,3
ENSG00000197747,0
ENSG00000197756,4
ENSG00000197766,5
ENSG00000197771,8
ENSG00000197798,2
ENSG00000197858,10
ENSG00000197872,5
ENSG00000197879,1
ENSG00000197892,5
ENSG00000197894,10
ENSG00000197903,9
ENSG00000197912,5
ENSG00000197930,5
ENSG00000197943,8
ENSG00000197956,0
ENSG00000197958,9
ENSG00000197959,9
ENSG00000197969,7
ENSG00000197971,7
ENSG00000198000,8
ENSG00000198001,10
ENSG00000198015,5
ENSG00000198026,5
ENSG00000198034,4
ENSG00000198055,1
ENSG00000198056,2
ENSG00000198087,10
ENSG00000198089,10
ENSG00000198130,2
ENSG00000198160,7
ENSG00000198162,9
ENSG00000198168,1
ENSG00000198171,8
ENSG00000198176,8
ENSG00000198189,8
ENSG00000198218,5
ENSG00000198223,5
ENSG00000198231,5
ENSG00000198242,4
ENSG00000198252,2
ENSG00000198258,1
ENSG00000198265,10
ENSG00000198276,5
ENSG00000198286,8
ENSG00000198301,0
ENSG00000198336,2
ENSG00000198355,5
ENSG00000198356,7
ENSG00000198363,7
ENSG00000198373,8
ENSG00000198380,5
ENSG00000198382,8
ENSG00000198399,4
ENSG00000198408,0
ENSG00000198431,7
ENSG00000198467,2
ENSG00000198478,9
ENSG00000198492,10
ENSG00000198502,5
ENSG00000198513,7
ENSG00000198522,5
ENSG00000198586,3
ENSG00000198589,9
ENSG00000198604,4
ENSG00000198612,8
ENSG00000198624,8
ENSG00000198625,5
ENSG00000198626,2
ENSG00000198646,2
ENSG00000198648,10
ENSG00000198668,3
ENSG00000198677,7
ENSG00000198682,2
ENSG00000198692,2
ENSG00000198700,5
ENSG00000198707,0
ENSG00000198718,2
ENSG00000198721,5
ENSG00000198728,5
ENSG00000198730,1
ENSG00000198734,5
ENSG00000198736,5
ENSG00000198752,10
ENSG00000198753,2
ENSG00000198755,4
ENSG00000198771,8
ENSG00000198791,8
ENSG00000198793,5
ENSG00000198805,10
ENSG00000198814,7
ENSG00000198818,7
ENSG00000198821,8
ENSG00000198830,7
ENSG00000198833,1
ENSG00000198836,1
ENSG00000198837,5
ENSG00000198839,5
ENSG00000198843,1
ENSG00000198851,8
ENSG00000198856,5
ENSG00000198858,3
ENSG00000198862,5
ENSG00000198873,7
ENSG00000198876,10
ENSG00000198887,0
ENSG00000198898,3
ENSG00000198900,7
ENSG00000198909,8
ENSG00000198911,10
ENSG00000198919,5
ENSG00000198924,10
ENSG00000198925,10
ENSG00000198931,0
ENSG00000198948,7
ENSG00000198951,2
ENSG00000198952,2
ENSG00000198960,7
ENSG00000198961,10
ENSG00000198964,10
ENSG00000203485,7
ENSG00000203666,10
ENSG00000203705,2
ENSG00000203710,5
ENSG00000203747,5
ENSG00000203875,4
ENSG00000203879,1
ENSG00000204084,2
ENSG00000204120,8
ENSG00000204130,2
ENSG00000204136,9
ENSG00000204209,8
ENSG00000204256,0
ENSG00000204257,0
ENSG00000204264,1
ENSG00000204287,4
ENSG00000204308,10
ENSG00000204310,2
ENSG00000204323,1
ENSG00000204356,8
ENSG00000204371,8
ENSG00000204387,0
ENSG00000204394,8
ENSG00000204397,7
ENSG00000204406,2
ENSG00000204420,3
ENSG00000204424,7
ENSG00000204428,10
ENSG00000204463,8
ENSG00000204472,4
ENSG00000204482,0
ENSG00000204525,9
ENSG00000204560,5
ENSG00000204568,5
ENSG00000204569,5
ENSG00000204574,0
ENSG00000204590,10
ENSG00000204592,6
ENSG00000204619,2
ENSG00000204628,9
ENSG00000204632,2
ENSG00000204634,5
ENSG00000204642,4
ENSG00000204710,2
ENSG00000204713,5
ENSG00000204842,10
ENSG00000204843,10
ENSG00000205038,1
ENSG00000205126,10
ENSG00000205133,2
ENSG00000205220,8
ENSG00000205250,5
ENSG00000205268,5
ENSG00000205302,4
ENSG00000205309,1
ENSG00000205336,5
ENSG00000205339,5
ENSG00000205356,5
ENSG00000205531,1
ENSG00000205542,6
ENSG00000205581,1
ENSG00000205593,10
ENSG00000205629,8
ENSG00000205639,1
ENSG00000205726,2
ENSG00000205744,0
ENSG00000205758,8
ENSG00000205937,8
ENSG00000205981,5
ENSG00000206052,10
ENSG00000206177,5
ENSG00000206341,10
ENSG00000206503,3
ENSG00000206549,5
ENSG00000206560,9
ENSG00000211450,8
ENSG00000211455,5
ENSG00000211456,7
ENSG00000211460,5
ENSG00000211772,4
ENSG00000211829,8
ENSG00000211895,8
ENSG00000211896,5
ENSG00000211898,8
ENSG00000211899,0
ENSG00000213047,5
ENSG00000213246,7
ENSG00000213281,2
ENSG00000213339,5
ENSG00000213341,5
ENSG00000213366,10
ENSG00000213445,0
ENSG00000213465,2
ENSG00000213516,10
ENSG00000213523,5
ENSG00000213585,8
ENSG00000213619,5
ENSG00000213625,1
ENSG00000213639,2
ENSG00000213654,10
ENSG00000213672,10
ENSG00000213676,5
ENSG00000213719,9
ENSG00000213722,10
ENSG00000213741,4
ENSG00000213889,2
ENSG00000213983,8
ENSG00000214013,2
ENSG00000214026,8
ENSG00000214063,5
ENSG00000214078,0
ENSG00000214160,5
ENSG00000214174,2
ENSG00000214212,5
ENSG00000214253,10
ENSG00000214706,5
ENSG00000214941,7
ENSG00000215021,0
ENSG00000215301,0
ENSG00000215302,2
ENSG00000215305,5
ENSG00000215845,8
ENSG00000216937,2
ENSG00000217027,2
ENSG00000220804,10
ENSG00000221978,8
ENSG00000221983,9
ENSG00000223380,2
ENSG00000223501,5
ENSG00000223509,7
ENSG00000223519,10
ENSG00000223551,10
ENSG00000223553,10
ENSG00000223609,5
ENSG00000223773,2
ENSG00000223865,4
ENSG00000225630,2
ENSG00000225697,5
ENSG00000225972,10
ENSG00000226777,10
ENSG00000227057,8
ENSG00000227507,0
ENSG00000228409,7
ENSG00000228474,6
ENSG00000229117,4
ENSG00000229164,0
ENSG00000229344,2
ENSG00000229474,2
ENSG00000229754,1
ENSG00000230989,1
ENSG00000231389,4
ENSG00000231500,3
ENSG00000231607,7
ENSG00000231721,2
ENSG00000231925,0
ENSG00000232119,5
ENSG00000232125,7
ENSG00000232196,2
ENSG00000233016,10
ENSG00000233276,3
ENSG00000233369,2
ENSG00000233614,1
ENSG00000233822,10
ENSG00000233927,4
ENSG00000234231,10
ENSG00000234545,10
ENSG00000234585,10
ENSG00000234741,0
ENSG00000234745,3
ENSG00000235162,9
ENSG00000236279,10
ENSG00000236397,10
ENSG00000236875,10
ENSG00000237441,5
ENSG00000237803,10
ENSG00000237805,2
ENSG00000237854,7
ENSG00000237973,2
ENSG00000239713,8
ENSG00000239839,5
ENSG00000239900,8
ENSG00000239998,5
ENSG00000240065,4
ENSG00000240225,7
ENSG00000240356,7
ENSG00000241468,8
ENSG00000241685,7
ENSG00000241837,8
ENSG00000241945,5
ENSG00000241973,7
ENSG00000242247,8
ENSG00000242372,5
ENSG00000242485,5
ENSG00000242574,5
ENSG00000242588,2
ENSG00000242802,5
ENSG00000243317,1
ENSG00000243449,5
ENSG00000243955,10
ENSG00000244038,0
ENSG00000244509,7
ENSG00000244734,3
ENSG00000244754,0
ENSG00000245910,1
ENSG00000247627,2
ENSG00000248334,1
ENSG00000248527,2
ENSG00000249072,2
ENSG00000249915,8
ENSG00000250878,2
ENSG00000251562,5
ENSG00000253729,0
ENSG00000254087,9
ENSG00000254717,10
ENSG00000254786,2
ENSG00000254986,5
ENSG00000254999,1
ENSG00000255633,2
ENSG00000255823,10
ENSG00000256043,5
ENSG00000257103,1
ENSG00000257207,1
ENSG00000257267,7
ENSG00000257923,9
ENSG00000258890,8
ENSG00000263563,2
ENSG00000264538,2
ENSG00000266356,10
ENSG00000266714,8
ENSG00000269028,7
ENSG00000271043,10
ENSG00000272168,2
