cluster,GO_ID,name,namespace,p_uncorrected,p_fdr,study_count,study_size,population_count,population_size
0,GO:0009987,cellular process,BP,7.12291365291969e-11,2.0681379791252322e-07,433,462,6815,8132
0,GO:0008150,biological_process,BP,1.7965992583437066e-08,2.4075812061235163e-05,445,462,7254,8132
0,GO:0008380,RNA splicing,BP,1.9630400330001102e-07,0.00020116541420526422,39,462,280,8132
0,GO:0043170,macromolecule metabolic process,BP,2.3256782477187478e-07,0.0002183523393196449,225,462,3028,8132
0,GO:0002376,immune system process,BP,6.136936535059375e-07,0.000464832919031606,94,462,1008,8132
0,GO:0006418,tRNA aminoacylation for protein translation,BP,1.0934564949751782e-06,0.0006568657103090545,11,462,33,8132
0,GO:0043039,tRNA aminoacylation,BP,2.1248837911750495e-06,0.0011568000164393919,11,462,35,8132
0,GO:1904874,positive regulation of telomerase RNA localization to Cajal body,BP,2.3628083080009336e-06,0.0012473479858692202,6,462,9,8132
0,GO:0008152,metabolic process,BP,2.470881620492028e-06,0.0012660361385468124,284,462,4132,8132
0,GO:0043038,amino acid activation,BP,2.9051742302685324e-06,0.00144602972187166,11,462,36,8132
0,GO:1904358,positive regulation of telomere maintenance via telomere lengthening,BP,3.4667980082026467e-06,0.001632299678402657,9,462,24,8132
0,GO:1904871,positive regulation of protein localization to Cajal body,BP,5.623710705373287e-06,0.0023411534090734716,6,462,10,8132
0,GO:1904869,regulation of protein localization to Cajal body,BP,5.623710705373287e-06,0.0023411534090734716,6,462,10,8132
0,GO:0009060,aerobic respiration,BP,6.590765120677467e-06,0.00260949361743914,15,462,70,8132
0,GO:0019222,regulation of metabolic process,BP,8.272560456840547e-06,0.003190358976121474,211,462,2915,8132
0,GO:0016071,mRNA metabolic process,BP,8.424115314941036e-06,0.003190358976121474,49,462,451,8132
0,GO:0044238,primary metabolic process,BP,9.262241938102944e-06,0.0034331386553976893,259,462,3741,8132
0,GO:0006119,oxidative phosphorylation,BP,1.333634040389863e-05,0.004612187263519104,7,462,16,8132
0,GO:0045333,cellular respiration,BP,1.601370543494706e-05,0.005291852597567401,15,462,75,8132
0,GO:0032212,positive regulation of telomere maintenance via telomerase,BP,1.6099431012632583e-05,0.005291852597567401,8,462,22,8132
0,GO:0048522,positive regulation of cellular process,BP,1.752371476290491e-05,0.005550556997901209,203,462,2808,8132
0,GO:1904872,regulation of telomerase RNA localization to Cajal body,BP,2.2431026695208556e-05,0.006657829302425979,6,462,12,8132
0,GO:0000375,"RNA splicing, via transesterification reactions",BP,2.2434211424538212e-05,0.006657829302425979,25,462,178,8132
0,GO:1903037,regulation of leukocyte cell-cell adhesion,BP,2.2548184882792766e-05,0.006657829302425979,29,462,222,8132
0,GO:0060255,regulation of macromolecule metabolic process,BP,2.5662420914549254e-05,0.00732893499594037,191,462,2626,8132
0,GO:0006457,protein folding,BP,2.7149301422955298e-05,0.007507428255385782,21,462,137,8132
0,GO:0016070,RNA metabolic process,BP,2.766868660159938e-05,0.007531502957600982,84,462,954,8132
0,GO:0045321,leukocyte activation,BP,2.897920508645079e-05,0.007649192906228171,38,462,332,8132
0,GO:0006397,mRNA processing,BP,2.897920508645079e-05,0.007649192906228171,38,462,332,8132
0,GO:0000398,"mRNA splicing, via spliceosome",BP,2.9986116695676147e-05,0.007682178514049619,24,462,170,8132
0,GO:0000377,"RNA splicing, via transesterification reactions with bulged adenosine as nucleophile",BP,2.9986116695676147e-05,0.007682178514049619,24,462,170,8132
0,GO:0090304,nucleic acid metabolic process,BP,3.3241335191771775e-05,0.008392714498200813,110,462,1342,8132
0,GO:0007339,binding of sperm to zona pellucida,BP,3.9665593898612e-05,0.009732595933911544,6,462,13,8132
0,GO:0001732,formation of cytoplasmic translation initiation complex,BP,3.9665593898612e-05,0.009732595933911544,6,462,13,8132
0,GO:0002682,regulation of immune system process,BP,4.57379325679882e-05,0.010870674621633,79,462,895,8132
0,GO:0015980,energy derivation by oxidation of organic compounds,BP,4.646451796776543e-05,0.010870674621633,19,462,121,8132
0,GO:0009988,cell-cell recognition,BP,4.679987352175392e-05,0.010870674621633,8,462,25,8132
0,GO:0075525,viral translational termination-reinitiation,BP,4.913398451947722e-05,0.011262672951497535,4,462,5,8132
0,GO:0002694,regulation of leukocyte activation,BP,5.402125606623438e-05,0.012065439768331656,38,462,338,8132
0,GO:0030183,B cell differentiation,BP,5.8675930479976905e-05,0.012777417311145971,14,462,74,8132
0,GO:0019538,protein metabolic process,BP,6.130742008437577e-05,0.013024836162072076,142,462,1858,8132
0,GO:0048518,positive regulation of biological process,BP,6.393941670175894e-05,0.013420344317606536,208,462,2942,8132
0,GO:0035036,sperm-egg recognition,BP,6.609881150909125e-05,0.013708421372617602,6,462,14,8132
0,GO:0006413,translational initiation,BP,6.84672608181804e-05,0.013709978743833572,14,462,75,8132
0,GO:0006396,RNA processing,BP,7.135869355446598e-05,0.014126588641049452,60,462,633,8132
0,GO:0002831,regulation of response to biotic stimulus,BP,7.329937438238405e-05,0.014347734843994523,38,462,346,8132
0,GO:0050776,regulation of immune response,BP,7.819214747723608e-05,0.01496907034286736,56,462,580,8132
0,GO:0042113,B cell activation,BP,8.596282299997008e-05,0.01610277784389762,18,462,116,8132
0,GO:1902600,proton transmembrane transport,BP,8.838928052665377e-05,0.016206913914529567,17,462,106,8132
0,GO:0006417,regulation of translation,BP,0.00010319588663993987,0.018344648379126454,32,462,277,8132
0,GO:0010556,regulation of macromolecule biosynthetic process,BP,0.00011152684299395869,0.01898532349205432,165,462,2252,8132
0,GO:0016032,viral process,BP,0.00011224891336212588,0.01898532349205432,17,462,108,8132
0,GO:0002253,activation of immune response,BP,0.00011518588215413537,0.01915434504666208,31,462,265,8132
0,GO:0006952,defense response,BP,0.00011544723207046199,0.01915434504666208,62,462,673,8132
0,GO:0022618,protein-RNA complex assembly,BP,0.00011669092841685095,0.019178043999527928,21,462,151,8132
0,GO:0046649,lymphocyte activation,BP,0.00013216402748941042,0.021318791878639064,33,462,290,8132
0,GO:0019646,aerobic electron transport chain,BP,0.00015306101071280967,0.02402230511376448,11,462,53,8132
0,GO:0043484,regulation of RNA splicing,BP,0.00015464539704598842,0.024054263053019324,19,462,132,8132
0,GO:0045088,regulation of innate immune response,BP,0.00016156912915151066,0.02469031402586375,33,462,295,8132
0,GO:1904356,regulation of telomere maintenance via telomere lengthening,BP,0.00016751866817109424,0.0253768932018142,10,462,45,8132
0,GO:0009057,macromolecule catabolic process,BP,0.00017234804947003542,0.025883408360495578,64,462,711,8132
0,GO:0002684,positive regulation of immune system process,BP,0.0001767376030730615,0.02590297567015383,57,462,613,8132
0,GO:0080090,regulation of primary metabolic process,BP,0.00017683660214427974,0.02590297567015383,171,462,2370,8132
0,GO:1903039,positive regulation of leukocyte cell-cell adhesion,BP,0.00017693898770152722,0.02590297567015383,23,462,176,8132
0,GO:0050794,regulation of cellular process,BP,0.00018111650090114198,0.026293588018323287,307,462,4729,8132
0,GO:0002183,cytoplasmic translational initiation,BP,0.00019688532858388194,0.0283466058616513,8,462,30,8132
0,GO:0075522,IRES-dependent viral translational initiation,BP,0.0002010620988763631,0.028693778727666357,5,462,11,8132
0,GO:0009889,regulation of biosynthetic process,BP,0.00020423790610358926,0.028693778727666357,169,462,2339,8132
0,GO:0050865,regulation of cell activation,BP,0.00020824786984204618,0.02879274714697053,39,462,374,8132
0,GO:0045785,positive regulation of cell adhesion,BP,0.0002146178471992978,0.02943982296109423,30,462,263,8132
0,GO:0051249,regulation of lymphocyte activation,BP,0.0002220829529513731,0.030225836901295867,34,462,310,8132
0,GO:0002695,negative regulation of leukocyte activation,BP,0.00023324547038438255,0.03128820051076999,16,462,104,8132
0,GO:0001775,cell activation,BP,0.0002459528588067606,0.032216125964455465,39,462,379,8132
0,GO:0030155,regulation of cell adhesion,BP,0.0002560414212535993,0.03304072296043669,41,462,406,8132
0,GO:0050684,regulation of mRNA processing,BP,0.0002716614272113173,0.03454462571860115,15,462,95,8132
0,GO:0002683,negative regulation of immune system process,BP,0.00030334818156330394,0.03801891130226128,31,462,279,8132
0,GO:0071826,protein-RNA complex organization,BP,0.00031151499839452356,0.038763591335935675,21,462,158,8132
0,GO:0140588,chromatin looping,BP,0.0003286557218629018,0.04032050232798318,5,462,12,8132
0,GO:0022904,respiratory electron transport chain,BP,0.00033630201034526535,0.0409700512043697,12,462,67,8132
0,GO:0006139,nucleobase-containing compound metabolic process,BP,0.0003647383917243876,0.04382143118779694,126,462,1672,8132
0,GO:0006508,proteolysis,BP,0.0003906768463701125,0.046616310552148835,61,462,689,8132
0,GO:2000573,positive regulation of DNA biosynthetic process,BP,0.00040173001253020625,0.04728742262357245,8,462,33,8132
0,GO:0044419,biological process involved in interspecies interaction between organisms,BP,0.0004300287288918764,0.049615434124919484,59,462,663,8132
0,GO:1903561,extracellular vesicle,CC,7.027754281893807e-14,3.0607626836218003e-10,127,462,1178,8132
0,GO:0043230,extracellular organelle,CC,7.027754281893807e-14,3.0607626836218003e-10,127,462,1178,8132
0,GO:0065010,extracellular membrane-bounded organelle,CC,7.027754281893807e-14,3.0607626836218003e-10,127,462,1178,8132
0,GO:0070062,extracellular exosome,CC,9.636045676978579e-14,3.357391034772877e-10,126,462,1168,8132
0,GO:0043227,membrane-bounded organelle,CC,1.3513621870038548e-09,3.363154379970594e-06,398,462,6087,8132
0,GO:0031982,vesicle,CC,1.7133709611543012e-09,3.446931540131916e-06,165,462,1921,8132
0,GO:0043226,organelle,CC,1.78074644745923e-09,3.446931540131916e-06,412,462,6402,8132
0,GO:0110165,cellular anatomical structure,CC,1.0739994965993017e-08,1.5591787691880364e-05,453,462,7476,8132
0,GO:0005575,cellular_component,CC,6.439905053947612e-08,7.588431991492164e-05,453,462,7513,8132
0,GO:0005654,nucleoplasm,CC,6.533866016438923e-08,7.588431991492164e-05,193,462,2455,8132
0,GO:0032991,protein-containing complex,CC,3.130018500122347e-07,0.0002726402614531571,236,462,3219,8132
0,GO:0016020,membrane,CC,3.5279049551282823e-07,0.00029266491534899906,283,462,4048,8132
0,GO:0005737,cytoplasm,CC,5.763035627975383e-07,0.00045635383488617793,278,462,3975,8132
0,GO:0005832,chaperonin-containing T-complex,CC,8.273208553478253e-07,0.0006005315258756028,6,462,8,8132
0,GO:0005634,nucleus,CC,1.7956489021285884e-06,0.0010090967588381335,243,462,3401,8132
0,GO:0043229,intracellular organelle,CC,3.1508406858898484e-06,0.0015247443219135292,387,462,6090,8132
0,GO:0005852,eukaryotic translation initiation factor 3 complex,CC,4.421303751306351e-06,0.0020269350697765245,7,462,14,8132
0,GO:0060205,cytoplasmic vesicle lumen,CC,5.652622831281314e-06,0.0023411534090734716,31,462,227,8132
0,GO:0031983,vesicle lumen,CC,5.652622831281314e-06,0.0023411534090734716,31,462,227,8132
0,GO:0043231,intracellular membrane-bounded organelle,CC,5.778634785038705e-06,0.0023411534090734716,363,462,5635,8132
0,GO:0034774,secretory granule lumen,CC,1.0038500806494495e-05,0.0036433483864570957,30,462,223,8132
0,GO:0071541,"eukaryotic translation initiation factor 3 complex, eIF3m",CC,1.1063343884905141e-05,0.003933357424876173,5,462,7,8132
0,GO:0098803,respiratory chain complex,CC,1.3502184170798136e-05,0.004612187263519104,15,462,74,8132
0,GO:0005829,cytosol,CC,1.7171082854319057e-05,0.0055395821186128204,234,462,3330,8132
0,GO:1902494,catalytic complex,CC,2.3264241100098666e-05,0.006754772403413647,100,462,1184,8132
0,GO:1905369,endopeptidase complex,CC,2.6205362480203182e-05,0.007363284189800316,15,462,78,8132
0,GO:0016607,nuclear speck,CC,4.6616156868847877e-05,0.010870674621633,34,462,290,8132
0,GO:0030667,secretory granule membrane,CC,5.146121485507628e-05,0.011642932779094596,26,462,196,8132
0,GO:0000502,proteasome complex,CC,5.535685515828809e-05,0.012207237641930846,12,462,56,8132
0,GO:0017101,aminoacyl-tRNA synthetase multienzyme complex,CC,6.032409971687537e-05,0.012974149890959083,5,462,9,8132
0,GO:0048770,pigment granule,CC,6.84672608181804e-05,0.013709978743833572,14,462,75,8132
0,GO:0042470,melanosome,CC,6.84672608181804e-05,0.013709978743833572,14,462,75,8132
0,GO:0140168,nuclear ribonucleoprotein granule,CC,7.713486500244508e-05,0.014930738702306618,37,462,331,8132
0,GO:1990904,ribonucleoprotein complex,CC,8.593905146881759e-05,0.01610277784389762,52,462,529,8132
0,GO:0031974,membrane-enclosed lumen,CC,9.023997759654256e-05,0.016206913914529567,70,462,783,8132
0,GO:0043233,organelle lumen,CC,9.023997759654256e-05,0.016206913914529567,70,462,783,8132
0,GO:0070013,intracellular organelle lumen,CC,9.023997759654256e-05,0.016206913914529567,70,462,783,8132
0,GO:0033290,eukaryotic 48S preinitiation complex,CC,0.00010490747246336138,0.018408282850918674,6,462,15,8132
0,GO:0070069,cytochrome complex,CC,0.00010566719964938106,0.018408282850918674,7,462,21,8132
0,GO:0071013,catalytic step 2 spliceosome,CC,0.00010687586758774204,0.01843449989352529,14,462,78,8132
0,GO:0035770,ribonucleoprotein granule,CC,0.00011840375835727709,0.019277681068617984,49,462,495,8132
0,GO:0005681,spliceosomal complex,CC,0.00013485484431765413,0.021553268283099565,23,462,171,8132
0,GO:0016282,eukaryotic 43S preinitiation complex,CC,0.00015985015169903897,0.02464380082078724,6,462,16,8132
0,GO:0070993,cytosolic translation preinitiation complex,CC,0.0002352766354922719,0.03128820051076999,6,462,17,8132
0,GO:0090543,Flemming body,CC,0.0002709901755319752,0.03454462571860115,7,462,24,8132
0,GO:0098796,membrane protein complex,CC,0.00028733637544220284,0.03627309417810591,57,462,624,8132
0,GO:0001772,immunological synapse,CC,0.0003209677180922526,0.03965658593535555,9,462,40,8132
0,GO:1905368,peptidase complex,CC,0.0003430447862901995,0.04150127237473309,15,462,97,8132
0,GO:0099080,supramolecular complex,CC,0.000430051693522923,0.049615434124919484,76,462,906,8132
0,GO:0003723,RNA binding,MF,2.5714867009665724e-16,4.479786981753866e-12,135,462,1205,8132
0,GO:0140662,ATP-dependent protein folding chaperone,MF,7.062021335188111e-09,1.230274736803121e-05,11,462,22,8132
0,GO:0003676,nucleic acid binding,MF,1.0019734807758287e-08,1.5591787691880364e-05,166,462,1980,8132
0,GO:0003729,mRNA binding,MF,8.951004622651243e-08,9.745965720700457e-05,36,462,243,8132
0,GO:0005515,protein binding,MF,2.3814330102022e-07,0.0002183523393196449,426,462,6852,8132
0,GO:0003697,single-stranded DNA binding,MF,9.505572367595755e-07,0.0006568657103090545,18,462,85,8132
0,GO:0044183,protein folding chaperone,MF,9.824394488051925e-07,0.0006568657103090545,13,462,46,8132
0,GO:0004812,aminoacyl-tRNA ligase activity,MF,1.0934564949751782e-06,0.0006568657103090545,11,462,33,8132
0,GO:0016875,"ligase activity, forming carbon-oxygen bonds",MF,1.0934564949751782e-06,0.0006568657103090545,11,462,33,8132
0,GO:0005488,binding,MF,1.4576206098092552e-06,0.0008464402881162345,442,462,7279,8132
0,GO:0003674,molecular_function,MF,2.213931502646654e-05,0.006657829302425979,449,462,7526,8132
0,GO:0022853,active monoatomic ion transmembrane transporter activity,MF,0.00015210201196137914,0.02402230511376448,13,462,71,8132
0,GO:0009055,electron transfer activity,MF,0.00020352667783987292,0.028693778727666357,13,462,73,8132
0,GO:0015078,proton transmembrane transporter activity,MF,0.00020799370235054376,0.02879274714697053,16,462,103,8132
0,GO:0180051,translation factor activity,MF,0.0002343965092444408,0.03128820051076999,13,462,74,8132
0,GO:0003743,translation initiation factor activity,MF,0.00024545734521241527,0.032216125964455465,10,462,47,8132
0,GO:0016887,ATP hydrolysis activity,MF,0.00025438935302221535,0.03304072296043669,31,462,274,8132
0,GO:0051082,unfolded protein binding,MF,0.00040120919175670527,0.04728742262357245,13,462,78,8132
0,GO:0003727,single-stranded RNA binding,MF,0.00041271410604512413,0.04825431168732958,11,462,59,8132
2,GO:0006955,immune response,BP,1.4927091545516892e-09,1.3432707143873205e-05,19,771,591,8132
2,GO:0009607,response to biotic stimulus,BP,1.54212813775021e-09,1.3432707143873205e-05,24,771,675,8132
2,GO:0002376,immune system process,BP,5.108517909314884e-09,2.9665163499391534e-05,48,771,1008,8132
2,GO:0043207,response to external biotic stimulus,BP,7.376721099053055e-09,3.212746456665082e-05,24,771,650,8132
2,GO:0006139,nucleobase-containing compound metabolic process,BP,6.495283136576583e-08,0.00020849022712882552,103,771,1672,8132
2,GO:0045087,innate immune response,BP,7.180651872871552e-08,0.00020849022712882552,8,771,354,8132
2,GO:0051707,response to other organism,BP,1.7873165368543891e-07,0.00037573797970554977,21,771,558,8132
2,GO:0006396,RNA processing,BP,1.9411295662418621e-07,0.00037573797970554977,26,771,633,8132
2,GO:0140546,defense response to symbiont,BP,2.574178201524066e-07,0.0004484475844875076,10,771,370,8132
2,GO:0044419,biological process involved in interspecies interaction between organisms,BP,5.102490798343227e-07,0.0008010751413733417,29,771,663,8132
2,GO:0098542,defense response to other organism,BP,5.517996496458355e-07,0.0008010751413733417,11,771,378,8132
2,GO:0090304,nucleic acid metabolic process,BP,9.003928817548772e-07,0.0011417166017652564,81,771,1342,8132
2,GO:0009605,response to external stimulus,BP,9.175152072047292e-07,0.0011417166017652564,35,771,739,8132
2,GO:0000398,"mRNA splicing, via spliceosome",BP,1.408388759349757e-05,0.014432670927430656,2,771,170,8132
2,GO:0000377,"RNA splicing, via transesterification reactions with bulged adenosine as nucleophile",BP,1.408388759349757e-05,0.014432670927430656,2,771,170,8132
2,GO:0008380,RNA splicing,BP,1.6861801051755605e-05,0.016319413117924134,8,771,280,8132
2,GO:0016070,RNA metabolic process,BP,2.1740852563040512e-05,0.019934073289512043,56,771,954,8132
2,GO:0002181,cytoplasmic translation,BP,3.840722056020184e-05,0.033454609468963815,0,771,108,8132
2,GO:0000375,"RNA splicing, via transesterification reactions",BP,4.269794288418615e-05,0.035420993475495564,3,771,178,8132
2,GO:0000281,mitotic cytokinesis,BP,4.811708448496762e-05,0.03622740702680478,13,771,40,8132
2,GO:0006397,mRNA processing,BP,4.990860275778167e-05,0.03622740702680478,12,771,332,8132
2,GO:0006952,defense response,BP,6.211694044365275e-05,0.04328556877875498,36,771,673,8132
2,GO:1990904,ribonucleoprotein complex,CC,1.3506148974740381e-07,0.0003361294589842174,19,771,529,8132
2,GO:0005730,nucleolus,CC,4.599153364425013e-05,0.03622740702680478,32,771,624,8132
2,GO:0003723,RNA binding,MF,9.090105738799131e-06,0.010557248805041311,74,771,1205,8132
3,GO:1902903,regulation of supramolecular fiber organization,BP,1.8875398776329165e-08,2.5294486314033106e-05,18,136,218,8132
3,GO:0032956,regulation of actin cytoskeleton organization,BP,5.144767905711628e-08,5.975133445693484e-05,16,136,182,8132
3,GO:0043254,regulation of protein-containing complex assembly,BP,7.718139002552794e-08,8.403606222717015e-05,19,136,266,8132
3,GO:0090066,regulation of anatomical structure size,BP,1.0898113453080339e-07,0.00011168002027418386,16,136,192,8132
3,GO:0032970,regulation of actin filament-based process,BP,1.4517082869531067e-07,0.00013004028545421316,16,136,196,8132
3,GO:0051493,regulation of cytoskeleton organization,BP,1.4733834233737136e-07,0.00013004028545421316,20,136,306,8132
3,GO:0110053,regulation of actin filament organization,BP,1.4929141318433287e-07,0.00013004028545421316,14,136,148,8132
3,GO:0051128,regulation of cellular component organization,BP,5.890842877107372e-07,0.0004886874941051787,45,136,1289,8132
3,GO:0097435,supramolecular fiber organization,BP,7.525148663079599e-07,0.0005958891584523168,17,136,249,8132
3,GO:0032535,regulation of cellular component size,BP,8.58360628783133e-07,0.0006492293535332114,13,136,146,8132
3,GO:0031032,actomyosin structure organization,BP,9.039234466258858e-07,0.0006492293535332114,8,136,47,8132
3,GO:0007015,actin filament organization,BP,1.0033521976748787e-06,0.0006722845629113101,13,136,148,8132
3,GO:0008064,regulation of actin polymerization or depolymerization,BP,1.4764038908262886e-06,0.0008869114545546474,10,136,86,8132
3,GO:0030832,regulation of actin filament length,BP,1.6446508926936336e-06,0.0009291455979703248,10,136,87,8132
3,GO:0002181,cytoplasmic translation,BP,1.6533788839377801e-06,0.0009291455979703248,11,136,108,8132
3,GO:0030036,actin cytoskeleton organization,BP,2.9441629313061427e-06,0.00131513493400729,14,136,189,8132
3,GO:0098869,cellular oxidant detoxification,BP,3.0852272179495676e-06,0.0013436935840974856,7,136,39,8132
3,GO:0030833,regulation of actin filament polymerization,BP,4.330022675560087e-06,0.0017600048423060057,9,136,76,8132
3,GO:0032271,regulation of protein polymerization,BP,5.086795725869998e-06,0.00201402428046321,11,136,121,8132
3,GO:0032501,multicellular organismal process,BP,7.67105707414718e-06,0.002784114276848292,44,136,1370,8132
3,GO:0048870,cell motility,BP,1.0825948936445739e-05,0.0036919403677035064,20,136,403,8132
3,GO:0031333,negative regulation of protein-containing complex assembly,BP,1.102008490445912e-05,0.0036919403677035064,9,136,85,8132
3,GO:0044087,regulation of cellular component biogenesis,BP,1.1326568245446846e-05,0.0037230216113948965,24,136,549,8132
3,GO:1903170,negative regulation of calcium ion transmembrane transport,BP,1.17053797927847e-05,0.00377628558092782,5,136,19,8132
3,GO:0030029,actin filament-based process,BP,1.3135163890205327e-05,0.004160503456932127,14,136,215,8132
3,GO:0030834,regulation of actin filament depolymerization,BP,1.4967802070097314e-05,0.004656322854699381,6,136,33,8132
3,GO:0051280,negative regulation of release of sequestered calcium ion into cytosol,BP,1.8081874339174858e-05,0.005431109187289056,3,136,4,8132
3,GO:0051926,negative regulation of calcium ion transport,BP,1.994009490174992e-05,0.005694694971858776,5,136,21,8132
3,GO:1903421,regulation of synaptic vesicle recycling,BP,1.994009490174992e-05,0.005694694971858776,5,136,21,8132
3,GO:0016477,cell migration,BP,2.1723887887318154e-05,0.006104062111047896,18,136,353,8132
3,GO:0098609,cell-cell adhesion,BP,2.6853291968554577e-05,0.007309549990377958,12,136,171,8132
3,GO:1990748,cellular detoxification,BP,3.257831593221854e-05,0.008470848385898198,7,136,55,8132
3,GO:0110096,cellular response to aldehyde,BP,4.465038952608718e-05,0.011439035822558305,3,136,5,8132
3,GO:0098754,detoxification,BP,4.6299242294355794e-05,0.01168955217405757,7,136,58,8132
3,GO:0099563,modification of synaptic structure,BP,4.760410725920821e-05,0.011847302179466659,4,136,13,8132
3,GO:0040012,regulation of locomotion,BP,4.843058987288065e-05,0.011883229664443011,20,136,447,8132
3,GO:0006979,response to oxidative stress,BP,5.098083965777955e-05,0.012335238995530243,13,136,212,8132
3,GO:0051016,barbed-end actin filament capping,BP,6.578341451816642e-05,0.015079116635802333,4,136,14,8132
3,GO:0045214,sarcomere organization,BP,6.578341451816642e-05,0.015079116635802333,4,136,14,8132
3,GO:0034330,cell junction organization,BP,7.099869829769166e-05,0.016063224974598524,11,136,160,8132
3,GO:0051284,positive regulation of sequestering of calcium ion,BP,8.820658295625357e-05,0.01938829378223215,3,136,6,8132
3,GO:0007010,cytoskeleton organization,BP,8.903412562875679e-05,0.01938829378223215,21,136,505,8132
3,GO:0044057,regulation of system process,BP,9.232901834112025e-05,0.01985757812988464,12,136,194,8132
3,GO:0000302,response to reactive oxygen species,BP,9.580915193304915e-05,0.020354771168605477,8,136,87,8132
3,GO:2000145,regulation of cell motility,BP,9.88814756337727e-05,0.02075438779537294,19,136,433,8132
3,GO:0030038,contractile actin filament bundle assembly,BP,0.00011653317260924885,0.023334763218686484,4,136,16,8132
3,GO:0043149,stress fiber assembly,BP,0.00011653317260924885,0.023334763218686484,4,136,16,8132
3,GO:0048646,anatomical structure formation involved in morphogenesis,BP,0.00014423324442763605,0.02823244214802076,16,136,336,8132
3,GO:1900242,regulation of synaptic vesicle endocytosis,BP,0.00015042051004106715,0.028542555379261376,4,136,17,8132
3,GO:0071801,regulation of podosome assembly,BP,0.0001524715326401053,0.02856136096906747,3,136,7,8132
3,GO:0030334,regulation of cell migration,BP,0.00015694858582593956,0.029087248017805246,18,136,411,8132
3,GO:0060627,regulation of vesicle-mediated transport,BP,0.00015956517760221884,0.029260894305350046,15,136,304,8132
3,GO:1904063,negative regulation of cation transmembrane transport,BP,0.00017021261233676798,0.030774913447959434,5,136,32,8132
3,GO:0007155,cell adhesion,BP,0.00017777081077445736,0.0312822757020386,15,136,307,8132
3,GO:0019369,arachidonate metabolic process,BP,0.00019090008446417673,0.03292742942030121,4,136,18,8132
3,GO:0065008,regulation of biological quality,BP,0.0002005710316636425,0.03425635237855212,36,136,1179,8132
3,GO:1902905,positive regulation of supramolecular fiber organization,BP,0.00023730301394475829,0.039601307537827056,8,136,99,8132
3,GO:0042743,hydrogen peroxide metabolic process,BP,0.00023868533904321455,0.039601307537827056,4,136,19,8132
3,GO:0034763,negative regulation of transmembrane transport,BP,0.00026174135191392873,0.04188332745756876,6,136,54,8132
3,GO:1901879,regulation of protein depolymerization,BP,0.00026174135191392873,0.04188332745756876,6,136,54,8132
3,GO:0034766,negative regulation of monoatomic ion transmembrane transport,BP,0.0002635756022643787,0.04188332745756876,5,136,35,8132
3,GO:1905641,cellular response to acetaldehyde,BP,0.00027767152523274944,0.04188332745756876,2,136,2,8132
3,GO:0090494,dopamine uptake,BP,0.00027767152523274944,0.04188332745756876,2,136,2,8132
3,GO:0051583,dopamine uptake involved in synaptic transmission,BP,0.00027767152523274944,0.04188332745756876,2,136,2,8132
3,GO:1905640,response to acetaldehyde,BP,0.00027767152523274944,0.04188332745756876,2,136,2,8132
3,GO:0051934,catecholamine uptake involved in synaptic transmission,BP,0.00027767152523274944,0.04188332745756876,2,136,2,8132
3,GO:0090493,catecholamine uptake,BP,0.00027767152523274944,0.04188332745756876,2,136,2,8132
3,GO:0032787,monocarboxylic acid metabolic process,BP,0.0002788855969851315,0.04188332745756876,13,136,251,8132
3,GO:0033043,regulation of organelle organization,BP,0.0002869211133923969,0.04272181808896535,25,136,705,8132
3,GO:0051693,actin filament capping,BP,0.000294507077450021,0.04347972708692217,4,136,20,8132
3,GO:0070161,anchoring junction,CC,1.4171253601202078e-19,2.468774089865414e-15,41,136,465,8132
3,GO:0005925,focal adhesion,CC,7.171757756541078e-18,5.6404216758351725e-14,32,136,295,8132
3,GO:0030055,cell-substrate junction,CC,9.713142200508304e-18,5.6404216758351725e-14,32,136,298,8132
3,GO:0030054,cell junction,CC,2.1571138301698407e-16,9.394770008847198e-13,53,136,958,8132
3,GO:0070062,extracellular exosome,CC,6.154677784926321e-16,1.993356320456443e-12,58,136,1168,8132
3,GO:1903561,extracellular vesicle,CC,9.153808945325494e-16,1.993356320456443e-12,58,136,1178,8132
3,GO:0043230,extracellular organelle,CC,9.153808945325494e-16,1.993356320456443e-12,58,136,1178,8132
3,GO:0065010,extracellular membrane-bounded organelle,CC,9.153808945325494e-16,1.993356320456443e-12,58,136,1178,8132
3,GO:0031982,vesicle,CC,2.7550713994987358e-14,5.3328998722963864e-11,73,136,1921,8132
3,GO:0005886,plasma membrane,CC,4.3247355805855705e-09,7.534121854938123e-06,63,136,1910,8132
3,GO:0015629,actin cytoskeleton,CC,4.556685069495354e-08,5.67014361397704e-05,15,136,157,8132
3,GO:0072562,blood microparticle,CC,9.316763583221563e-07,0.0006492293535332114,7,136,33,8132
3,GO:0005911,cell-cell junction,CC,1.3142824513790367e-06,0.0008480042439064518,15,136,203,8132
3,GO:0030863,cortical cytoskeleton,CC,1.7303063894898542e-06,0.000941989612853211,8,136,51,8132
3,GO:0022626,cytosolic ribosome,CC,1.8293718958290623e-06,0.0009657420544617605,10,136,88,8132
3,GO:0005737,cytoplasm,CC,2.224585797532754e-06,0.0011072716908233744,94,136,3975,8132
3,GO:0005829,cytosol,CC,2.386283755375582e-06,0.001154762480622167,83,136,3330,8132
3,GO:0045202,synapse,CC,2.5300076128299885e-06,0.0011912233141381414,26,136,576,8132
3,GO:0002102,podosome,CC,4.344194260901111e-06,0.0017600048423060057,6,136,27,8132
3,GO:0016020,membrane,CC,5.425150804207541e-06,0.002065321061609829,94,136,4048,8132
3,GO:0042995,cell projection,CC,6.149898837262133e-06,0.002279518886041354,34,136,916,8132
3,GO:0005615,extracellular space,CC,8.345356850753603e-06,0.0029670298305505822,20,136,396,8132
3,GO:0005862,muscle thin filament tropomyosin,CC,1.8081874339174858e-05,0.005431109187289056,3,136,4,8132
3,GO:0098793,presynapse,CC,1.9272564202821156e-05,0.005690632897921141,11,136,139,8132
3,GO:0030667,secretory granule membrane,CC,2.237127506282884e-05,0.006186190204278432,13,136,196,8132
3,GO:0120025,plasma membrane bounded cell projection,CC,2.964280517252279e-05,0.007944727829392609,30,136,809,8132
3,GO:0005912,adherens junction,CC,5.242687233336758e-05,0.012511349903008173,8,136,80,8132
3,GO:0008290,F-actin capping protein complex,CC,8.820658295625357e-05,0.01938829378223215,3,136,6,8132
3,GO:0097517,contractile actin filament bundle,CC,0.00010590965140347348,0.021706494554116607,6,136,46,8132
3,GO:0001725,stress fiber,CC,0.00010590965140347348,0.021706494554116607,6,136,46,8132
3,GO:0043005,neuron projection,CC,0.0001264203611565586,0.025026921723959174,18,136,404,8132
3,GO:0044391,ribosomal subunit,CC,0.00014898726922186618,0.028542555379261376,10,136,145,8132
3,GO:0005840,ribosome,CC,0.00015073274179966975,0.028542555379261376,11,136,174,8132
3,GO:0009986,cell surface,CC,0.00017219436187434063,0.030774913447959434,13,136,239,8132
3,GO:0005576,extracellular region,CC,0.00017312103311520718,0.030774913447959434,23,136,603,8132
3,GO:0032432,actin filament bundle,CC,0.0001901588819324267,0.03292742942030121,6,136,51,8132
3,GO:0042641,actomyosin,CC,0.00023586231868879545,0.039601307537827056,6,136,53,8132
3,GO:0022627,cytosolic small ribosomal subunit,CC,0.0003020135465279737,0.0442132604543179,5,136,36,8132
3,GO:0003779,actin binding,MF,7.802944491188453e-09,1.2357735998272185e-05,19,136,231,8132
3,GO:0005198,structural molecule activity,MF,1.2947509868350229e-08,1.8796547451377444e-05,22,136,320,8132
3,GO:0016209,antioxidant activity,MF,1.4261945966299385e-06,0.0008869114545546474,7,136,35,8132
3,GO:0008092,cytoskeletal protein binding,MF,2.1183607653898907e-06,0.0010854106733487437,25,136,534,8132
3,GO:0050839,cell adhesion molecule binding,MF,2.620367238697446e-06,0.0012013004648775843,18,136,303,8132
3,GO:0004601,peroxidase activity,MF,3.4256125560139393e-06,0.0014555511302028984,6,136,26,8132
3,GO:0016684,"oxidoreductase activity, acting on peroxide as acceptor",MF,5.453462420874354e-06,0.002065321061609829,6,136,28,8132
3,GO:0051015,actin filament binding,MF,9.187769138921837e-06,0.003201202523383146,10,136,105,8132
3,GO:0005200,structural constituent of cytoskeleton,MF,3.257831593221854e-05,0.008470848385898198,7,136,55,8132
3,GO:0003735,structural constituent of ribosome,MF,5.5742768000275506e-05,0.013122902180172967,10,136,129,8132
3,GO:0047066,phospholipid-hydroperoxide glutathione peroxidase activity,MF,0.00027767152523274944,0.04188332745756876,2,136,2,8132
4,GO:0002181,cytoplasmic translation,BP,2.172663806191946e-50,1.8924988083834943e-46,44,146,108,8132
4,GO:0006412,translation,BP,3.758544281371047e-40,1.0912933320960836e-36,53,146,293,8132
4,GO:0009059,macromolecule biosynthetic process,BP,3.6876402861661413e-25,5.353531785441696e-22,65,146,901,8132
4,GO:0009058,biosynthetic process,BP,2.6919703373571196e-17,1.9540339686290992e-14,72,146,1520,8132
4,GO:0022613,ribonucleoprotein complex biogenesis,BP,4.599641691303076e-15,2.9677910334885517e-12,22,146,142,8132
4,GO:0044085,cellular component biogenesis,BP,1.50135568202156e-14,9.341113334463427e-12,22,146,150,8132
4,GO:0042274,ribosomal small subunit biogenesis,BP,5.367636716858679e-12,2.671702835554144e-09,14,146,65,8132
4,GO:0022618,protein-RNA complex assembly,BP,1.7596083663647173e-11,8.284901986605335e-09,19,146,151,8132
4,GO:0019538,protein metabolic process,BP,2.1077400284216998e-11,9.415112573111394e-09,70,146,1858,8132
4,GO:0071826,protein-RNA complex organization,BP,3.9538731184904003e-11,1.7220105899305318e-08,19,146,158,8132
4,GO:0043170,macromolecule metabolic process,BP,6.6969633680025e-10,2.7778047341421797e-07,91,146,3028,8132
4,GO:0006364,rRNA processing,BP,3.533919087808693e-08,1.2564164169125561e-05,16,146,165,8132
4,GO:0016072,rRNA metabolic process,BP,3.6591508609864155e-08,1.2749213429848869e-05,17,146,188,8132
4,GO:0051444,negative regulation of ubiquitin-protein transferase activity,BP,4.918217277632135e-07,0.00015578229671568984,4,146,5,8132
4,GO:1904667,negative regulation of ubiquitin protein ligase activity,BP,4.918217277632135e-07,0.00015578229671568984,4,146,5,8132
4,GO:1901796,regulation of signal transduction by p53 class mediator,BP,7.814941402342255e-07,0.00024311445387536506,10,146,75,8132
4,GO:0008152,metabolic process,BP,1.4366013270942337e-06,0.00043907073191769557,103,146,4132,8132
4,GO:2000059,negative regulation of ubiquitin-dependent protein catabolic process,BP,1.5498471499974512e-06,0.00045762520678145076,8,146,47,8132
4,GO:0001732,formation of cytoplasmic translation initiation complex,BP,1.9966009588918198e-06,0.0005684291113613294,5,146,13,8132
4,GO:0006396,RNA processing,BP,2.0229955171575927e-06,0.0005684291113613294,29,146,633,8132
4,GO:1901798,positive regulation of signal transduction by p53 class mediator,BP,2.3712769216700654e-06,0.0006454689883189721,6,146,23,8132
4,GO:0044238,primary metabolic process,BP,3.3029803740122504e-06,0.0008588241954577226,95,146,3741,8132
4,GO:1903051,negative regulation of proteolysis involved in protein catabolic process,BP,6.999072834814825e-06,0.0017173358852860432,8,146,57,8132
4,GO:0071345,cellular response to cytokine stimulus,BP,1.0101495429969883e-05,0.0023714205403985006,16,146,251,8132
4,GO:0042273,ribosomal large subunit biogenesis,BP,1.0209318668841486e-05,0.0023714205403985006,6,146,29,8132
4,GO:1904666,regulation of ubiquitin protein ligase activity,BP,1.1716225566915599e-05,0.0026507579948212554,4,146,9,8132
4,GO:0043933,protein-containing complex organization,BP,2.2441411847896438e-05,0.004886897947527549,32,146,828,8132
4,GO:0000027,ribosomal large subunit assembly,BP,2.9835900600811837e-05,0.00633867346788711,4,146,11,8132
4,GO:0010628,positive regulation of gene expression,BP,3.6754270376970156e-05,0.0076225731456809175,27,146,654,8132
4,GO:0019884,antigen processing and presentation of exogenous antigen,BP,3.774479856387111e-05,0.007735907479778807,6,146,36,8132
4,GO:0032930,positive regulation of superoxide anion generation,BP,4.4130520121008545e-05,0.008736338534410111,4,146,12,8132
4,GO:0051438,regulation of ubiquitin-protein transferase activity,BP,4.4130520121008545e-05,0.008736338534410111,4,146,12,8132
4,GO:0032928,regulation of superoxide anion generation,BP,4.4130520121008545e-05,0.008736338534410111,4,146,12,8132
4,GO:0045471,response to ethanol,BP,5.784789313132215e-05,0.011323237598210823,7,146,56,8132
4,GO:0034097,response to cytokine,BP,6.52187820435912e-05,0.012624182244237805,17,146,324,8132
4,GO:1901652,response to peptide,BP,7.595302864323933e-05,0.014382366434716005,17,146,328,8132
4,GO:0050821,protein stabilization,BP,9.565841899639266e-05,0.017728354439746345,11,146,154,8132
4,GO:0065003,protein-containing complex assembly,BP,0.00010660358747380019,0.019098087379828207,28,146,734,8132
4,GO:1903050,regulation of proteolysis involved in protein catabolic process,BP,0.0001074342783550407,0.019098087379828207,11,146,156,8132
4,GO:0045861,negative regulation of proteolysis,BP,0.00011276043296638513,0.01964399502707395,8,146,83,8132
4,GO:0009408,response to heat,BP,0.00015660096544131046,0.02674652371522617,6,146,46,8132
4,GO:0002183,cytoplasmic translational initiation,BP,0.00017281773684073415,0.028948632629831054,5,146,30,8132
4,GO:0002478,antigen processing and presentation of exogenous peptide antigen,BP,0.00017281773684073415,0.028948632629831054,5,146,30,8132
4,GO:0031397,negative regulation of protein ubiquitination,BP,0.0001992035185833587,0.03183783942422653,6,146,48,8132
4,GO:0034605,cellular response to heat,BP,0.00020309751956330737,0.03216510807556707,5,146,31,8132
4,GO:0030162,regulation of proteolysis,BP,0.0002198798310872153,0.03450924808441782,13,146,228,8132
4,GO:2000058,regulation of ubiquitin-dependent protein catabolic process,BP,0.00024095523253844434,0.03747929558975213,9,146,117,8132
4,GO:0042221,response to chemical,BP,0.00024319497116135204,0.03749291674868951,39,146,1225,8132
4,GO:0090322,regulation of superoxide metabolic process,BP,0.00025082601081554806,0.03833017486331283,4,146,18,8132
4,GO:1905551,negative regulation of protein localization to endoplasmic reticulum,BP,0.0003201691824170646,0.047672370315279336,2,146,2,8132
4,GO:0022626,cytosolic ribosome,CC,1.0045701708328097e-51,1.7500616946078377e-47,42,146,88,8132
4,GO:0044391,ribosomal subunit,CC,3.241234535227382e-45,1.4116386709549056e-41,45,146,145,8132
4,GO:0005840,ribosome,CC,3.3829132361064207e-41,1.1786746297241992e-37,45,146,174,8132
4,GO:1990904,ribonucleoprotein complex,CC,7.584097988540681e-35,1.8874653008338171e-31,61,146,529,8132
4,GO:0022625,cytosolic large ribosomal subunit,CC,5.877380810262739e-32,1.2798731386948397e-28,25,146,48,8132
4,GO:0015934,large ribosomal subunit,CC,2.365309908682634e-25,3.746005810832742e-22,26,146,88,8132
4,GO:0022627,cytosolic small ribosomal subunit,CC,1.3494557449824536e-24,1.808374502564563e-21,19,146,36,8132
4,GO:0070062,extracellular exosome,CC,1.4467400985528291e-22,1.8002613754920598e-19,70,146,1168,8132
4,GO:1903561,extracellular vesicle,CC,2.4029548840026223e-22,2.4624633549535105e-19,70,146,1178,8132
4,GO:0043230,extracellular organelle,CC,2.4029548840026223e-22,2.4624633549535105e-19,70,146,1178,8132
4,GO:0065010,extracellular membrane-bounded organelle,CC,2.4029548840026223e-22,2.4624633549535105e-19,70,146,1178,8132
4,GO:0015935,small ribosomal subunit,CC,7.314466574516787e-21,7.07918456636983e-18,20,146,60,8132
4,GO:0030054,cell junction,CC,2.689483844080011e-18,2.3426749023858938e-15,58,146,958,8132
4,GO:0032991,protein-containing complex,CC,4.8690354555369094e-18,4.03921269861469e-15,109,146,3219,8132
4,GO:0005925,focal adhesion,CC,7.897873900668495e-18,6.254039146524812e-15,33,146,295,8132
4,GO:0030055,cell-substrate junction,CC,1.0781783229416676e-17,8.1664976365073e-15,33,146,298,8132
4,GO:0070161,anchoring junction,CC,7.613654822260616e-16,5.305499226344087e-13,38,146,465,8132
4,GO:0031982,vesicle,CC,1.3525277780049604e-15,9.062456315624775e-13,79,146,1921,8132
4,GO:0005829,cytosol,CC,2.5025399862506994e-14,1.5033361758783943e-11,105,146,3330,8132
4,GO:0043228,membraneless organelle,CC,6.164470157373456e-14,3.355976081612593e-11,89,146,2517,8132
4,GO:0043232,intracellular membraneless organelle,CC,6.164470157373456e-14,3.355976081612593e-11,89,146,2517,8132
4,GO:0005730,nucleolus,CC,4.091860284880094e-13,2.160130243118064e-10,40,146,624,8132
4,GO:0045202,synapse,CC,3.698816043691784e-12,1.8952080675633695e-09,37,146,576,8132
4,GO:0005737,cytoplasm,CC,6.691316462078371e-12,3.238039557940758e-09,112,146,3975,8132
4,GO:0032040,small-subunit processome,CC,8.66567074857666e-10,3.510805816533814e-07,12,146,63,8132
4,GO:0005791,rough endoplasmic reticulum,CC,5.139230901552652e-09,1.9463161203467117e-06,8,146,24,8132
4,GO:0030684,preribosome,CC,2.3131021065040137e-08,8.573734424980091e-06,12,146,83,8132
4,GO:0043226,organelle,CC,3.073678302227256e-08,1.1155531188146048e-05,139,146,6402,8132
4,GO:0098556,cytoplasmic side of rough endoplasmic reticulum membrane,CC,4.918217277632135e-07,0.00015578229671568984,4,146,5,8132
4,GO:0043229,intracellular organelle,CC,2.7498879184428027e-06,0.0007370122681106472,132,146,6090,8132
4,GO:0005852,eukaryotic translation initiation factor 3 complex,CC,3.061034383550952e-06,0.0008079739393309263,5,146,14,8132
4,GO:0033290,eukaryotic 48S preinitiation complex,CC,4.525358059321863e-06,0.001159356805168326,5,146,15,8132
4,GO:0016282,eukaryotic 43S preinitiation complex,CC,6.487476671989238e-06,0.0016145475871817787,5,146,16,8132
4,GO:0070993,cytosolic translation preinitiation complex,CC,9.058184070711483e-06,0.0021917031207758994,5,146,17,8132
4,GO:0016020,membrane,CC,1.1585892980170137e-05,0.0026507579948212554,99,146,4048,8132
4,GO:0043227,membrane-bounded organelle,CC,2.787136435267412e-05,0.005994407881332541,130,146,6087,8132
4,GO:0009986,cell surface,CC,9.376297999545724e-05,0.017563923381729685,14,146,239,8132
4,GO:1904813,ficolin-1-rich granule lumen,CC,9.765793722592129e-05,0.01790840973066079,9,146,104,8132
4,GO:0005654,nucleoplasm,CC,0.0001188514186919205,0.0205001046042767,66,146,2455,8132
4,GO:0098554,cytoplasmic side of endoplasmic reticulum membrane,CC,0.0001978338902223855,0.03183783942422653,4,146,17,8132
4,GO:0098576,lumenal side of membrane,CC,0.00031851141623590517,0.047672370315279336,5,146,34,8132
4,GO:0005854,nascent polypeptide-associated complex,CC,0.0003201691824170646,0.047672370315279336,2,146,2,8132
4,GO:0014069,postsynaptic density,CC,0.0003298357149517545,0.0486954914421569,9,146,122,8132
4,GO:0003735,structural constituent of ribosome,MF,2.825685035895401e-46,1.6408753003444595e-42,44,146,129,8132
4,GO:0005198,structural molecule activity,MF,6.818930144577316e-30,1.3199175783186826e-26,46,146,320,8132
4,GO:0003723,RNA binding,MF,3.906836369562339e-28,6.8060996394145515e-25,78,146,1205,8132
4,GO:0003676,nucleic acid binding,MF,6.202269249427792e-20,5.686828031277978e-17,87,146,1980,8132
4,GO:0019843,rRNA binding,MF,5.50750974023244e-14,3.1982109061529777e-11,14,146,48,8132
4,GO:1990948,ubiquitin ligase inhibitor activity,MF,1.8196927845685485e-11,8.342333684202286e-09,7,146,9,8132
4,GO:0055105,ubiquitin-protein transferase inhibitor activity,MF,3.8262913522824123e-10,1.6258005280027294e-07,7,146,12,8132
4,GO:0045296,cadherin binding,MF,3.494798425197277e-09,1.3737546587623332e-06,20,146,228,8132
4,GO:0050839,cell adhesion molecule binding,MF,3.5485310627578778e-09,1.3737546587623332e-06,23,146,303,8132
4,GO:0055106,ubiquitin-protein transferase regulator activity,MF,1.0035603938318296e-07,3.4280442394008434e-05,7,146,23,8132
4,GO:0008097,5S rRNA binding,MF,2.071754088531494e-07,6.9407746108283e-05,5,146,9,8132
4,GO:0003729,mRNA binding,MF,1.4700538972115417e-06,0.0004415484300572805,17,146,243,8132
4,GO:0023026,MHC class II protein complex binding,MF,1.7788627784647919e-06,0.0005164928077272523,6,146,22,8132
4,GO:0004857,enzyme inhibitor activity,MF,2.0882312031005466e-06,0.0005774456474478512,15,146,196,8132
4,GO:0180051,translation factor activity,MF,6.20179075240199e-06,0.0015658173434434067,9,146,74,8132
4,GO:0023023,MHC protein complex binding,MF,1.0209318668841486e-05,0.0023714205403985006,6,146,29,8132
4,GO:0140678,molecular function inhibitor activity,MF,1.2329480783677867e-05,0.0027537421119545147,16,146,255,8132
4,GO:0048027,mRNA 5'-UTR binding,MF,1.6534744589382052e-05,0.0036462251328053764,5,146,19,8132
4,GO:0140662,ATP-dependent protein folding chaperone,MF,3.585317980963339e-05,0.0075252800658267855,5,146,22,8132
4,GO:0051082,unfolded protein binding,MF,7.22872130356434e-05,0.013838632288944436,8,146,78,8132
4,GO:0016740,transferase activity,MF,0.00010340958379643692,0.018765607909559664,7,146,1239,8132
4,GO:0004859,phospholipase inhibitor activity,MF,0.00010899116743459223,0.0191791427058387,3,146,6,8132
4,GO:0097371,MDM2/MDM4 family protein binding,MF,0.00018822409815420118,0.030934452961739044,3,146,7,8132
4,GO:0055102,lipase inhibitor activity,MF,0.00018822409815420118,0.030934452961739044,3,146,7,8132
4,GO:0003746,translation elongation factor activity,MF,0.0001978338902223855,0.03183783942422653,4,146,17,8132
5,GO:0008150,biological_process,BP,2.4919875767205392e-09,8.682583114809704e-06,1027,1091,7254,8132
5,GO:0006955,immune response,BP,9.238233462475405e-09,2.682321085829734e-05,128,1091,591,8132
5,GO:0016072,rRNA metabolic process,BP,1.8237131952183712e-07,0.00045387010819856067,52,1091,188,8132
5,GO:0009987,cellular process,BP,2.2037054589855293e-07,0.00047988441001233634,971,1091,6815,8132
5,GO:0006364,rRNA processing,BP,6.855378415058231e-07,0.0013269727485414383,46,1091,165,8132
5,GO:0002376,immune system process,BP,1.5380949314816738e-06,0.0026795151801342243,186,1091,1008,8132
5,GO:0044419,biological process involved in interspecies interaction between organisms,BP,9.879853100048477e-06,0.014343076737995378,128,1091,663,8132
5,GO:0044238,primary metabolic process,BP,1.3881835245677263e-05,0.016845187552868752,569,1091,3741,8132
5,GO:0043207,response to external biotic stimulus,BP,1.4504208328628166e-05,0.016845187552868752,125,1091,650,8132
5,GO:0051707,response to other organism,BP,1.9537436344663465e-05,0.020021275209434246,110,1091,558,8132
5,GO:0009607,response to biotic stimulus,BP,2.6163924317948543e-05,0.02279008627714908,128,1091,675,8132
5,GO:0098542,defense response to other organism,BP,3.747310034711956e-05,0.02967358550668954,79,1091,378,8132
5,GO:0140546,defense response to symbiont,BP,6.0716499333928446e-05,0.03991725136786544,77,1091,370,8132
5,GO:0045087,innate immune response,BP,6.186589672994471e-05,0.03991725136786544,74,1091,354,8132
5,GO:0042254,ribosome biogenesis,BP,7.066287285416192e-05,0.04396492528544125,27,1091,92,8132
5,GO:0005575,cellular_component,CC,1.517407530273676e-12,1.3217378292448855e-08,1060,1091,7513,8132
5,GO:0110165,cellular anatomical structure,CC,1.2090317761552e-09,5.2656356430999345e-06,1050,1091,7476,8132
5,GO:0030054,cell junction,CC,1.370274735119415e-05,0.016845187552868752,87,1091,958,8132
5,GO:0030684,preribosome,CC,2.3881753854950985e-05,0.022376744365548262,26,1091,83,8132
5,GO:0070161,anchoring junction,CC,2.4404921815361747e-05,0.022376744365548262,34,1091,465,8132
5,GO:0120025,plasma membrane bounded cell projection,CC,4.315175163832007e-05,0.03163282151643029,72,1091,809,8132
5,GO:0043231,intracellular membrane-bounded organelle,CC,4.9271159182225015e-05,0.034334114564541676,813,1091,5635,8132
5,GO:0003674,molecular_function,MF,4.895653511479625e-14,8.528717982348655e-10,1064,1091,7526,8132
5,GO:0005488,binding,MF,2.906266257438545e-10,1.687668815694563e-06,1032,1091,7279,8132
5,GO:0003779,actin binding,MF,5.1482792354853165e-06,0.008153470232853609,10,1091,231,8132
5,GO:0005515,protein binding,MF,1.7508571921105465e-05,0.019063551964848643,966,1091,6852,8132
5,GO:0004176,ATP-dependent peptidase activity,MF,3.571879628265324e-05,0.02963129285905248,6,1091,7,8132
5,GO:0008092,cytoskeletal protein binding,MF,4.357888275037753e-05,0.03163282151643029,42,1091,534,8132
6,GO:0070527,platelet aggregation,BP,1.6870943037872302e-09,2.671897260570667e-06,7,52,35,8132
6,GO:0034109,homotypic cell-cell adhesion,BP,5.478243209291592e-09,7.953039579089069e-06,7,52,41,8132
6,GO:0098609,cell-cell adhesion,BP,1.1020778144661167e-06,0.0010733267007787977,9,52,171,8132
6,GO:0007186,G protein-coupled receptor signaling pathway,BP,1.942509569378513e-06,0.0016114504384830035,9,52,183,8132
6,GO:0097435,supramolecular fiber organization,BP,2.3813082711869096e-05,0.014305093583567983,9,52,249,8132
6,GO:0019730,antimicrobial humoral response,BP,3.6032385549236156e-05,0.020924006288441436,4,52,30,8132
6,GO:0006959,humoral immune response,BP,5.036004073601287e-05,0.02658552332309334,5,52,64,8132
6,GO:0031093,platelet alpha granule lumen,CC,3.2837178483570457e-12,2.3972010161524085e-08,9,52,42,8132
6,GO:0034774,secretory granule lumen,CC,4.253104755461512e-12,2.3972010161524085e-08,15,52,223,8132
6,GO:0060205,cytoplasmic vesicle lumen,CC,5.504163977159539e-12,2.3972010161524085e-08,15,52,227,8132
6,GO:0031983,vesicle lumen,CC,5.504163977159539e-12,2.3972010161524085e-08,15,52,227,8132
6,GO:0070062,extracellular exosome,CC,2.4620163447521867e-11,5.870576888110339e-08,28,52,1168,8132
6,GO:0005576,extracellular region,CC,2.88051596216139e-11,5.870576888110339e-08,21,52,603,8132
6,GO:1903561,extracellular vesicle,CC,3.0328449568333074e-11,5.870576888110339e-08,28,52,1178,8132
6,GO:0043230,extracellular organelle,CC,3.0328449568333074e-11,5.870576888110339e-08,28,52,1178,8132
6,GO:0065010,extracellular membrane-bounded organelle,CC,3.0328449568333074e-11,5.870576888110339e-08,28,52,1178,8132
6,GO:0031982,vesicle,CC,9.948037321195655e-10,1.7330475817254952e-06,33,52,1921,8132
6,GO:0030055,cell-substrate junction,CC,2.605606630984457e-07,0.0003491713316798479,12,52,298,8132
6,GO:0030863,cortical cytoskeleton,CC,7.347339008151325e-07,0.0008533199524066948,6,52,51,8132
6,GO:0098862,cluster of actin-based cell projections,CC,1.1089995186279983e-06,0.0010733267007787977,5,52,30,8132
6,GO:0005903,brush border,CC,1.1089995186279983e-06,0.0010733267007787977,5,52,30,8132
6,GO:0005925,focal adhesion,CC,1.902591739698409e-06,0.0016114504384830035,11,52,295,8132
6,GO:0070161,anchoring junction,CC,4.80919604639579e-06,0.003351240172970442,13,52,465,8132
6,GO:0005615,extracellular space,CC,5.278170537122411e-06,0.003536577266431136,12,52,396,8132
6,GO:0015629,actin cytoskeleton,CC,5.909474273246399e-06,0.003812924122749093,8,52,157,8132
6,GO:0005911,cell-cell junction,CC,3.847977702087427e-05,0.02162439340260163,8,52,203,8132
6,GO:0005856,cytoskeleton,CC,4.4007316296260675e-05,0.023957858037411163,17,52,941,8132
6,GO:0072562,blood microparticle,CC,5.3045120615795344e-05,0.027179383713169726,4,52,33,8132
6,GO:0030054,cell junction,CC,5.541526377264602e-05,0.027582551719521894,17,52,958,8132
6,GO:0031974,membrane-enclosed lumen,CC,7.384363072276657e-05,0.03385341817950833,15,52,783,8132
6,GO:0043233,organelle lumen,CC,7.384363072276657e-05,0.03385341817950833,15,52,783,8132
6,GO:0070013,intracellular organelle lumen,CC,7.384363072276657e-05,0.03385341817950833,15,52,783,8132
6,GO:0008092,cytoskeletal protein binding,MF,6.927804271502765e-07,0.0008533199524066948,15,52,534,8132
6,GO:0003779,actin binding,MF,1.5636669128603108e-06,0.0014337179625757619,10,52,231,8132
6,GO:0044877,protein-containing complex binding,MF,2.058187014131155e-06,0.0016298034533263116,17,52,749,8132
6,GO:0050839,cell adhesion molecule binding,MF,2.471046798729189e-06,0.0018716567948113567,11,52,303,8132
6,GO:0051015,actin filament binding,MF,4.061736043458751e-06,0.002948312650545621,7,52,105,8132
6,GO:0045296,cadherin binding,MF,1.176653255781398e-05,0.007320884417488477,9,52,228,8132
6,GO:0001664,G protein-coupled receptor binding,MF,0.00010139294137030882,0.0452914469644141,5,52,74,8132
7,GO:0005829,cytosol,CC,1.1765151430869336e-06,0.02049607030771747,266,519,3330,8132
8,GO:0006139,nucleobase-containing compound metabolic process,BP,2.6081031376144316e-12,1.1358941190095254e-08,265,886,1672,8132
8,GO:0000398,"mRNA splicing, via spliceosome",BP,1.8665940784933695e-11,4.064741930179124e-08,50,886,170,8132
8,GO:0000377,"RNA splicing, via transesterification reactions with bulged adenosine as nucleophile",BP,1.8665940784933695e-11,4.064741930179124e-08,50,886,170,8132
8,GO:0008152,metabolic process,BP,6.393958992980475e-11,1.1138915961671287e-07,542,886,4132,8132
8,GO:0000375,"RNA splicing, via transesterification reactions",BP,1.1744576926202368e-10,1.5738636510105495e-07,50,886,178,8132
8,GO:0009987,cellular process,BP,7.0284181617302e-10,7.202474870323636e-07,803,886,6815,8132
8,GO:0008150,biological_process,BP,8.982726934636478e-10,8.693782551572339e-07,840,886,7254,8132
8,GO:0044238,primary metabolic process,BP,1.1774350253911399e-09,1.0256047788669526e-06,493,886,3741,8132
8,GO:0006396,RNA processing,BP,3.450666898445063e-09,2.50475283490881e-06,117,886,633,8132
8,GO:0090304,nucleic acid metabolic process,BP,4.304140106144073e-09,2.999296991565435e-06,210,886,1342,8132
8,GO:0016070,RNA metabolic process,BP,4.997335069844817e-09,3.3484067019910214e-06,160,886,954,8132
8,GO:0008380,RNA splicing,BP,1.2508561480590925e-08,7.782558912620518e-06,63,886,280,8132
8,GO:0006397,mRNA processing,BP,1.3598635627381423e-08,8.169028664296959e-06,71,886,332,8132
8,GO:0043170,macromolecule metabolic process,BP,2.0571408402643084e-08,1.1945816859414838e-05,407,886,3028,8132
8,GO:0016071,mRNA metabolic process,BP,2.4011472454149742e-08,1.3493672955604601e-05,88,886,451,8132
8,GO:0009152,purine ribonucleotide biosynthetic process,BP,4.318778038721292e-07,0.00021023206923884488,27,886,89,8132
8,GO:0000245,spliceosomal complex assembly,BP,4.852751505427903e-07,0.00022848590263799864,16,886,37,8132
8,GO:0009145,purine nucleoside triphosphate biosynthetic process,BP,8.513918241312226e-07,0.00039031834126815866,22,886,66,8132
8,GO:0006164,purine nucleotide biosynthetic process,BP,1.9185804597788075e-06,0.0008301271385140804,30,886,112,8132
8,GO:0009260,ribonucleotide biosynthetic process,BP,2.008187066470916e-06,0.000832967306785472,28,886,101,8132
8,GO:0042776,proton motive force-driven mitochondrial ATP synthesis,BP,2.1096254536997233e-06,0.0008546926750907646,17,886,45,8132
8,GO:0009206,purine ribonucleoside triphosphate biosynthetic process,BP,2.68184811760594e-06,0.001038232801262513,21,886,65,8132
8,GO:0015986,proton motive force-driven ATP synthesis,BP,3.3358533123210367e-06,0.0011612663715296944,18,886,51,8132
8,GO:1903241,U2-type prespliceosome assembly,BP,5.482009588991584e-06,0.0017364016190876798,11,886,22,8132
8,GO:0046390,ribose phosphate biosynthetic process,BP,5.638561911554943e-06,0.0017540961975214047,28,886,106,8132
8,GO:0009142,nucleoside triphosphate biosynthetic process,BP,9.24143158644483e-06,0.0027190726128998003,22,886,75,8132
8,GO:0072522,purine-containing compound biosynthetic process,BP,9.364810101256415e-06,0.0027190726128998003,36,886,154,8132
8,GO:0009201,ribonucleoside triphosphate biosynthetic process,BP,9.997670707448316e-06,0.002809184216039631,21,886,70,8132
8,GO:0006754,ATP biosynthetic process,BP,1.1094641084035608e-05,0.0030679324178568943,19,886,60,8132
8,GO:0050852,T cell receptor signaling pathway,BP,2.847473151227167e-05,0.0070865471096469256,22,886,80,8132
8,GO:0009165,nucleotide biosynthetic process,BP,4.321412098725439e-05,0.010312783585191216,32,886,139,8132
8,GO:0009615,response to virus,BP,4.9661021548990224e-05,0.011691144005472415,47,886,239,8132
8,GO:0051607,defense response to virus,BP,6.454038935943494e-05,0.014794185829351528,37,886,175,8132
8,GO:0050851,antigen receptor-mediated signaling pathway,BP,7.26571629599416e-05,0.016438447219807046,26,886,108,8132
8,GO:0002768,immune response-regulating cell surface receptor signaling pathway,BP,8.863356364675353e-05,0.019301066403626166,38,886,182,8132
8,GO:0022618,protein-RNA complex assembly,BP,9.256047555312191e-05,0.01966458590988947,33,886,151,8132
8,GO:1901293,nucleoside phosphate biosynthetic process,BP,9.940730499769765e-05,0.020813708751416405,40,886,196,8132
8,GO:0120036,plasma membrane bounded cell projection organization,BP,0.00010035885053205775,0.020813708751416405,20,886,383,8132
8,GO:0002429,immune response-activating cell surface receptor signaling pathway,BP,0.00010720912056362386,0.021717326620219666,35,886,164,8132
8,GO:0050776,regulation of immune response,BP,0.00013711333427942617,0.02745576317795268,92,886,580,8132
8,GO:0000387,spliceosomal snRNP assembly,BP,0.00018649463086599458,0.03650475240805047,11,886,30,8132
8,GO:0120031,plasma membrane bounded cell projection assembly,BP,0.00020176644918136867,0.03905525901320693,7,886,201,8132
8,GO:0032743,positive regulation of interleukin-2 production,BP,0.00023210043605697759,0.04443320545657809,10,886,26,8132
8,GO:0071826,protein-RNA complex organization,BP,0.0002346717600275394,0.044437138385214826,33,886,158,8132
8,GO:0002764,immune response-regulating signaling pathway,BP,0.000242142211525148,0.045358703946017244,48,886,261,8132
8,GO:0010604,positive regulation of macromolecule metabolic process,BP,0.00026195201131463383,0.04661360407999405,220,886,1631,8132
8,GO:0002682,regulation of immune system process,BP,0.0002622199184799619,0.04661360407999405,131,886,895,8132
8,GO:0050778,positive regulation of immune response,BP,0.00027509460195566465,0.04840831374413771,70,886,421,8132
8,GO:0110165,cellular anatomical structure,CC,1.287624801750381e-12,1.1215855835646695e-08,863,886,7476,8132
8,GO:0005575,cellular_component,CC,2.309704492253958e-12,1.1358941190095254e-08,865,886,7513,8132
8,GO:0043231,intracellular membrane-bounded organelle,CC,2.74769971009284e-11,5.318630738836374e-08,698,886,5635,8132
8,GO:0043226,organelle,CC,9.967843579660501e-11,1.5738636510105495e-07,769,886,6402,8132
8,GO:0043227,membrane-bounded organelle,CC,2.2776332891418203e-10,2.834189252152832e-07,738,886,6087,8132
8,GO:0005684,U2-type spliceosomal complex,CC,4.848885212047272e-10,5.279526829942221e-07,30,886,81,8132
8,GO:0140513,nuclear protein-containing complex,CC,1.049309261098746e-09,9.621061388211187e-07,164,886,964,8132
8,GO:0032991,protein-containing complex,CC,1.383428705422461e-09,1.1476529274840328e-06,435,886,3219,8132
8,GO:0043229,intracellular organelle,CC,2.384462392734441e-09,1.8226917043670699e-06,734,886,6090,8132
8,GO:0005634,nucleus,CC,2.4064008495748008e-09,1.8226917043670699e-06,454,886,3401,8132
8,GO:0005681,spliceosomal complex,CC,1.1815225939199273e-08,7.6234463365477975e-06,45,886,171,8132
8,GO:0005654,nucleoplasm,CC,5.3539167313304806e-08,2.9147057305158845e-05,339,886,2455,8132
8,GO:0035770,ribonucleoprotein granule,CC,6.432085286092466e-08,3.395556296030814e-05,93,886,495,8132
8,GO:0071013,catalytic step 2 spliceosome,CC,1.4190207743811408e-06,0.0006338656643716373,24,886,78,8132
8,GO:1902494,catalytic complex,CC,1.953688805411704e-06,0.0008301271385140804,178,886,1184,8132
8,GO:0071007,U2-type catalytic step 2 spliceosome,CC,2.1898748846682475e-06,0.0008670411446773986,13,886,28,8132
8,GO:0016604,nuclear body,CC,2.7909788163079027e-06,0.0010569922164978256,101,886,593,8132
8,GO:0071005,U2-type precatalytic spliceosome,CC,3.0106365524690526e-06,0.0011029809081539172,17,886,46,8132
8,GO:0005686,U2 snRNP,CC,3.039038148865623e-06,0.0011029809081539172,11,886,21,8132
8,GO:0016607,nuclear speck,CC,3.1481071536533762e-06,0.001119248463750928,58,886,290,8132
8,GO:0140168,nuclear ribonucleoprotein granule,CC,3.3996088024805933e-06,0.0011612663715296944,64,886,331,8132
8,GO:0071011,precatalytic spliceosome,CC,4.243712101119562e-06,0.0014217251637231518,17,886,47,8132
8,GO:0097525,spliceosomal snRNP complex,CC,4.750441881349515e-06,0.001561461283301696,19,886,57,8132
8,GO:0005689,U12-type spliceosomal complex,CC,5.482009588991584e-06,0.0017364016190876798,11,886,22,8132
8,GO:0030532,small nuclear ribonucleoprotein complex,CC,6.262167713218171e-06,0.0019139162058241011,20,886,63,8132
8,GO:0120114,Sm-like protein family complex,CC,9.997670707448316e-06,0.002809184216039631,21,886,70,8132
8,GO:0005685,U1 snRNP,CC,1.1695215113743007e-05,0.003183474101508077,9,886,16,8132
8,GO:1905369,endopeptidase complex,CC,1.8427542665360458e-05,0.004864033648079463,22,886,78,8132
8,GO:1990904,ribonucleoprotein complex,CC,3.5174369909014e-05,0.008630601382886379,88,886,529,8132
8,GO:1905368,peptidase complex,CC,4.087772225718807e-05,0.00989070554781213,25,886,97,8132
8,GO:0000502,proteasome complex,CC,5.8731626707894236e-05,0.013642182251709673,17,886,56,8132
8,GO:0005730,nucleolus,CC,7.527994638230334e-05,0.016813486486232137,99,886,624,8132
8,GO:0034715,pICln-Sm protein complex,CC,8.29540811621313e-05,0.018292949973740372,5,886,6,8132
8,GO:0099080,supramolecular complex,CC,9.011535137819694e-05,0.01938147575752554,135,886,906,8132
8,GO:0005829,cytosol,CC,0.00010605019931660223,0.021717326620219666,417,886,3330,8132
8,GO:0030964,NADH dehydrogenase complex,CC,0.0002609320766584765,0.04661360407999405,11,886,31,8132
8,GO:0045271,respiratory chain complex I,CC,0.0002609320766584765,0.04661360407999405,11,886,31,8132
8,GO:0030054,cell junction,CC,0.0002588280093833516,0.04661360407999405,72,886,958,8132
8,GO:0003723,RNA binding,MF,1.3652804468768422e-15,2.3784550665041468e-11,216,886,1205,8132
8,GO:0003674,molecular_function,MF,6.518860195171285e-12,2.0058560116626683e-08,865,886,7526,8132
8,GO:0005488,binding,MF,6.9084071350531024e-12,2.0058560116626683e-08,847,886,7279,8132
8,GO:0003676,nucleic acid binding,MF,1.0981562680927196e-10,1.5738636510105495e-07,296,886,1980,8132
8,GO:0005515,protein binding,MF,4.354256662710619e-10,5.057033688072113e-07,807,886,6852,8132
8,GO:0003724,RNA helicase activity,MF,2.2095169965863376e-07,0.0001132117517574429,21,886,57,8132
8,GO:0008186,"ATP-dependent activity, acting on RNA",MF,4.3443857944999806e-07,0.00021023206923884488,21,886,59,8132
8,GO:0016853,isomerase activity,MF,7.715946703251184e-06,0.0023175777158161875,53,886,264,8132
8,GO:0140098,"catalytic activity, acting on RNA",MF,1.4636896416394286e-05,0.003922913422615459,53,886,269,8132
8,GO:0004386,helicase activity,MF,1.8737677868811464e-05,0.004872075912724844,29,886,118,8132
8,GO:0120545,nucleic acid conformation isomerase activity,MF,2.001339611799593e-05,0.005127255496641281,31,886,129,8132
8,GO:0017069,snRNA binding,MF,2.3518024806575218e-05,0.005937790002251404,14,886,38,8132
8,GO:0120543,macromolecular conformation isomerase activity,MF,0.00014412873246834757,0.028532575549216854,37,886,181,8132
9,GO:0051049,regulation of transport,BP,9.762074631843174e-08,0.00016995205292709867,50,247,760,8132
9,GO:0010562,positive regulation of phosphorus metabolic process,BP,1.1706702457523586e-07,0.00016995205292709867,19,247,150,8132
9,GO:0045937,positive regulation of phosphate metabolic process,BP,1.1706702457523586e-07,0.00016995205292709867,19,247,150,8132
9,GO:0002181,cytoplasmic translation,BP,1.3555452264354248e-07,0.0001816534876133195,16,247,108,8132
9,GO:0032879,regulation of localization,BP,3.5874357097079254e-07,0.0003906044843676361,59,247,1006,8132
9,GO:0042327,positive regulation of phosphorylation,BP,9.37124937660376e-07,0.0008487501027481467,16,247,124,8132
9,GO:0090109,regulation of cell-substrate junction assembly,BP,1.816598652961904e-06,0.0013759550057934492,9,247,39,8132
9,GO:0051893,regulation of focal adhesion assembly,BP,1.816598652961904e-06,0.0013759550057934492,9,247,39,8132
9,GO:0051174,regulation of phosphorus metabolic process,BP,2.2674813191830705e-06,0.001608700690448009,26,247,310,8132
9,GO:0043410,positive regulation of MAPK cascade,BP,2.4009079818407804e-06,0.001608700690448009,19,247,182,8132
9,GO:0034762,regulation of transmembrane transport,BP,3.0726514206483857e-06,0.0019825429777450194,18,247,168,8132
9,GO:0038060,nitric oxide-cGMP-mediated signaling,BP,4.056725112597773e-06,0.0023724786862841284,4,247,5,8132
9,GO:0150116,regulation of cell-substrate junction organization,BP,4.346725334525469e-06,0.0024427194210570385,9,247,43,8132
9,GO:0042325,regulation of phosphorylation,BP,4.935982965767902e-06,0.002527212492219489,21,247,227,8132
9,GO:0034765,regulation of monoatomic ion transmembrane transport,BP,6.6550854956540446e-06,0.0032205067894385863,14,247,112,8132
9,GO:0007263,nitric oxide mediated signal transduction,BP,1.1879364844421214e-05,0.00504757109645517,4,247,6,8132
9,GO:0008150,biological_process,BP,1.531799370247541e-05,0.006353684959305336,239,247,7254,8132
9,GO:0001952,regulation of cell-matrix adhesion,BP,1.726269669759158e-05,0.006834850890198703,10,247,63,8132
9,GO:0043069,negative regulation of programmed cell death,BP,2.6330672124465202e-05,0.009803754654572295,31,247,455,8132
9,GO:0043269,regulation of monoatomic ion transport,BP,2.6347541101265757e-05,0.009803754654572295,16,247,160,8132
9,GO:0001934,positive regulation of protein phosphorylation,BP,3.515134426703703e-05,0.012497378948490859,13,247,113,8132
9,GO:0001932,regulation of protein phosphorylation,BP,3.7092180345795755e-05,0.012670252427531526,18,247,201,8132
9,GO:0060627,regulation of vesicle-mediated transport,BP,4.716083490649494e-05,0.01579978663280862,23,247,304,8132
9,GO:0030100,regulation of endocytosis,BP,5.1701228843301315e-05,0.01674820772803867,16,247,169,8132
9,GO:0031399,regulation of protein modification process,BP,5.191454091694438e-05,0.01674820772803867,26,247,365,8132
9,GO:0010647,positive regulation of cell communication,BP,5.411313202304064e-05,0.017140088599516202,47,247,861,8132
9,GO:0023056,positive regulation of signaling,BP,6.0250570560689583e-05,0.018743306959603093,47,247,867,8132
9,GO:1904062,regulation of monoatomic cation transmembrane transport,BP,8.25039807457793e-05,0.02478106635469347,12,247,106,8132
9,GO:2001233,regulation of apoptotic signaling pathway,BP,8.979249804011379e-05,0.026071251805947035,18,247,215,8132
9,GO:0010959,regulation of metal ion transport,BP,9.86720335212955e-05,0.027725249935072402,14,247,142,8132
9,GO:0002576,platelet degranulation,BP,0.00010827736953969464,0.029941270710333655,3,247,4,8132
9,GO:0043085,positive regulation of catalytic activity,BP,0.00011765432547207474,0.032025875063265846,16,247,181,8132
9,GO:1902533,positive regulation of intracellular signal transduction,BP,0.00012398055509984772,0.032236794782006674,34,247,571,8132
9,GO:0043066,negative regulation of apoptotic process,BP,0.00012908319666565907,0.033069976016359505,28,247,432,8132
9,GO:2001234,negative regulation of apoptotic signaling pathway,BP,0.0001400453383843679,0.035358403478174975,13,247,129,8132
9,GO:0065008,regulation of biological quality,BP,0.00014624631878430255,0.03619985942862549,58,247,1179,8132
9,GO:0050790,regulation of catalytic activity,BP,0.00014961195562028789,0.03619985942862549,23,247,321,8132
9,GO:0002431,Fc receptor mediated stimulatory signaling pathway,BP,0.00015378174227983493,0.03654803396606038,5,247,18,8132
9,GO:0043408,regulation of MAPK cascade,BP,0.00015524680061353927,0.03654803396606038,21,247,286,8132
9,GO:0051241,negative regulation of multicellular organismal process,BP,0.00017509393237965566,0.04013567626297344,30,247,485,8132
9,GO:0070062,extracellular exosome,CC,4.488355551511297e-10,2.528445766853523e-06,73,247,1168,8132
9,GO:1903561,extracellular vesicle,CC,5.805512351423048e-10,2.528445766853523e-06,73,247,1178,8132
9,GO:0043230,extracellular organelle,CC,5.805512351423048e-10,2.528445766853523e-06,73,247,1178,8132
9,GO:0065010,extracellular membrane-bounded organelle,CC,5.805512351423048e-10,2.528445766853523e-06,73,247,1178,8132
9,GO:0022626,cytosolic ribosome,CC,8.228333595284043e-10,2.8669159912688666e-06,17,247,88,8132
9,GO:0031982,vesicle,CC,1.041497168166762e-09,3.0239870277721936e-06,101,247,1921,8132
9,GO:0016020,membrane,CC,9.783058909231537e-09,2.4347238465388945e-05,167,247,4048,8132
9,GO:0030054,cell junction,CC,2.947652378966937e-08,6.418881511747877e-05,60,247,958,8132
9,GO:0005886,plasma membrane,CC,1.0241141697549264e-07,0.00016995205292709867,95,247,1910,8132
9,GO:0005925,focal adhesion,CC,2.5196895882224837e-07,0.00031353937368874205,27,247,295,8132
9,GO:0030055,cell-substrate junction,CC,3.0922506395899276e-07,0.0003591339892819742,27,247,298,8132
9,GO:0005737,cytoplasm,CC,3.823629325504444e-07,0.00039183203811537007,160,247,3975,8132
9,GO:0070161,anchoring junction,CC,4.800654589789102e-07,0.00046462335338175523,35,247,465,8132
9,GO:0005829,cytosol,CC,9.743988321544649e-07,0.0008487501027481467,139,247,3330,8132
9,GO:0022625,cytosolic large ribosomal subunit,CC,1.318945083850657e-06,0.0010941591574172521,10,247,48,8132
9,GO:0110165,cellular anatomical structure,CC,2.390126470270578e-06,0.001608700690448009,244,247,7476,8132
9,GO:0034774,secretory granule lumen,CC,3.722214845075828e-06,0.0023158823148595,21,247,223,8132
9,GO:0060205,cytoplasmic vesicle lumen,CC,4.935982965767902e-06,0.002527212492219489,21,247,227,8132
9,GO:0031983,vesicle lumen,CC,4.935982965767902e-06,0.002527212492219489,21,247,227,8132
9,GO:0005840,ribosome,CC,5.077345573025781e-06,0.002527212492219489,18,247,174,8132
9,GO:0044391,ribosomal subunit,CC,7.539195380214529e-06,0.0034308182195364996,16,247,145,8132
9,GO:0005575,cellular_component,CC,7.615943598443247e-06,0.0034308182195364996,244,247,7513,8132
9,GO:0045202,synapse,CC,1.1796982426244174e-05,0.00504757109645517,37,247,576,8132
9,GO:0030667,secretory granule membrane,CC,2.6449484459267428e-05,0.009803754654572295,18,247,196,8132
9,GO:0005615,extracellular space,CC,2.757280228638971e-05,0.010007203929816567,28,247,396,8132
9,GO:0098588,bounding membrane of organelle,CC,8.693425214941856e-05,0.025669179774491877,60,247,1217,8132
9,GO:0005576,extracellular region,CC,9.74199693652169e-05,0.027725249935072402,36,247,603,8132
9,GO:0012506,vesicle membrane,CC,0.00012064683735277441,0.0321219138827386,40,247,707,8132
9,GO:0032587,ruffle membrane,CC,0.00012169486919584108,0.0321219138827386,9,247,64,8132
9,GO:0030659,cytoplasmic vesicle membrane,CC,0.00017113732750643755,0.039751778433195314,39,247,694,8132
9,GO:0005198,structural molecule activity,MF,4.085549657799429e-06,0.0023724786862841284,26,247,320,8132
9,GO:0003735,structural constituent of ribosome,MF,7.680495411395642e-06,0.0034308182195364996,15,247,129,8132
9,GO:0044877,protein-containing complex binding,MF,1.5998504890036776e-05,0.006481626829984434,44,247,749,8132
9,GO:0005102,signaling receptor binding,MF,3.604999199626754e-05,0.012560538211339536,34,247,535,8132
9,GO:0140677,molecular function activator activity,MF,6.150970165061034e-05,0.018799307236057595,32,247,498,8132
9,GO:0098772,molecular function regulator activity,MF,0.0001487080337521183,0.03619985942862549,51,247,992,8132
